id,fname,lname,email,phone,email_verified_at,password,plan,verified,fcm,status,token,wallet,image,remember_token,customer_id,account,has_card,first_noti,created_at,updated_at,account_generated
1,Sarah,Johnson,sarah.johnson@email.com,1234567890,2024-01-10 10:00:00,$2y$10$92IXUNpkjO0rOQ5byMi.Ye4oKoEa3Ro9llC/.og/at2.uheWG/igi,premium,1,fcm_token_12345,active,parent_token_001,150.75,/profiles/sarah_j.jpg,remember_abc123,cust_12345,PAR001,1,1,2024-01-10 08:30:00,2024-06-19 20:15:00,PAR001
2,Michael,Davis,michael.davis@email.com,1234567891,2024-01-12 14:20:00,$2y$10$92IXUNpkjO0rOQ5byMi.Ye4oKoEa3Ro9llC/.og/at2.uheWG/igi,basic,1,fcm_token_12346,active,parent_token_002,89.5,/profiles/michael_d.jpg,remember_def456,cust_12346,PAR002,0,1,2024-01-12 09:45:00,2024-06-19 18:30:00,PAR002
3,Emily,Brown,emily.brown@email.com,1234567892,2024-01-15 16:30:00,$2y$10$92IXUNpkjO0rOQ5byMi.Ye4oKoEa3Ro9llC/.og/at2.uheWG/igi,premium,1,fcm_token_12347,active,parent_token_003,220.0,/profiles/emily_b.jpg,remember_ghi789,cust_12347,PAR003,1,0,2024-01-15 11:20:00,2024-06-19 19:45:00,PAR003
4,Robert,Wilson,robert.wilson@email.com,1234567893,2024-01-18 12:15:00,$2y$10$92IXUNpkjO0rOQ5byMi.Ye4oKoEa3Ro9llC/.og/at2.uheWG/igi,standard,1,fcm_token_12348,active,parent_token_004,175.25,/profiles/robert_w.jpg,remember_jkl012,cust_12348,PAR004,1,1,2024-01-18 07:50:00,2024-06-19 21:10:00,PAR004
5,Lisa,Martinez,lisa.martinez@email.com,1234567894,2024-01-20 09:40:00,$2y$10$92IXUNpkjO0rOQ5byMi.Ye4oKoEa3Ro9llC/.og/at2.uheWG/igi,basic,0,fcm_token_12349,pending,parent_token_005,45.0,/profile.png,remember_mno345,cust_12349,PAR005,0,0,2024-01-20 15:25:00,2024-06-19 16:20:00,PAR005
6,Sarah,Johnson,sarah.johnson@email.com,1234567890,2024-01-10 10:00:00,$2y$10$92IXUNpkjO0rOQ5byMi.Ye4oKoEa3Ro9llC/.og/at2.uheWG/igi,premium,1,fcm_token_12345,active,parent_token_001,150.75,/profiles/sarah_j.jpg,remember_abc123,cust_12345,PAR006,1,1,2024-01-10 08:30:00,2024-06-19 20:15:00,PAR006
7,Michael,Davis,michael.davis@email.com,1234567891,2024-01-12 14:20:00,$2y$10$92IXUNpkjO0rOQ5byMi.Ye4oKoEa3Ro9llC/.og/at2.uheWG/igi,basic,1,fcm_token_12346,active,parent_token_002,89.5,/profiles/michael_d.jpg,remember_def456,cust_12346,PAR007,0,1,2024-01-12 09:45:00,2024-06-19 18:30:00,PAR007
8,Emily,Brown,emily.brown@email.com,1234567892,2024-01-15 16:30:00,$2y$10$92IXUNpkjO0rOQ5byMi.Ye4oKoEa3Ro9llC/.og/at2.uheWG/igi,premium,1,fcm_token_12347,active,parent_token_003,220.0,/profiles/emily_b.jpg,remember_ghi789,cust_12347,PAR008,1,0,2024-01-15 11:20:00,2024-06-19 19:45:00,PAR008
9,Robert,Wilson,robert.wilson@email.com,1234567893,2024-01-18 12:15:00,$2y$10$92IXUNpkjO0rOQ5byMi.Ye4oKoEa3Ro9llC/.og/at2.uheWG/igi,standard,1,fcm_token_12348,active,parent_token_004,175.25,/profiles/robert_w.jpg,remember_jkl012,cust_12348,PAR009,1,1,2024-01-18 07:50:00,2024-06-19 21:10:00,PAR009
10,Lisa,Martinez,lisa.martinez@email.com,1234567894,2024-01-20 09:40:00,$2y$10$92IXUNpkjO0rOQ5byMi.Ye4oKoEa3Ro9llC/.og/at2.uheWG/igi,basic,0,fcm_token_12349,pending,parent_token_005,45.0,/profile.png,remember_mno345,cust_12349,PAR010,0,0,2024-01-20 15:25:00,2024-06-19 16:20:00,PAR010
11,Sarah,Johnson,sarah.johnson@email.com,1234567890,2024-01-10 10:00:00,$2y$10$92IXUNpkjO0rOQ5byMi.Ye4oKoEa3Ro9llC/.og/at2.uheWG/igi,premium,1,fcm_token_12345,active,parent_token_001,150.75,/profiles/sarah_j.jpg,remember_abc123,cust_12345,PAR011,1,1,2024-01-10 08:30:00,2024-06-19 20:15:00,PAR011
12,Michael,Davis,michael.davis@email.com,1234567891,2024-01-12 14:20:00,$2y$10$92IXUNpkjO0rOQ5byMi.Ye4oKoEa3Ro9llC/.og/at2.uheWG/igi,basic,1,fcm_token_12346,active,parent_token_002,89.5,/profiles/michael_d.jpg,remember_def456,cust_12346,PAR012,0,1,2024-01-12 09:45:00,2024-06-19 18:30:00,PAR012
13,Emily,Brown,emily.brown@email.com,1234567892,2024-01-15 16:30:00,$2y$10$92IXUNpkjO0rOQ5byMi.Ye4oKoEa3Ro9llC/.og/at2.uheWG/igi,premium,1,fcm_token_12347,active,parent_token_003,220.0,/profiles/emily_b.jpg,remember_ghi789,cust_12347,PAR013,1,0,2024-01-15 11:20:00,2024-06-19 19:45:00,PAR013
14,Robert,Wilson,robert.wilson@email.com,1234567893,2024-01-18 12:15:00,$2y$10$92IXUNpkjO0rOQ5byMi.Ye4oKoEa3Ro9llC/.og/at2.uheWG/igi,standard,1,fcm_token_12348,active,parent_token_004,175.25,/profiles/robert_w.jpg,remember_jkl012,cust_12348,PAR014,1,1,2024-01-18 07:50:00,2024-06-19 21:10:00,PAR014
15,Lisa,Martinez,lisa.martinez@email.com,1234567894,2024-01-20 09:40:00,$2y$10$92IXUNpkjO0rOQ5byMi.Ye4oKoEa3Ro9llC/.og/at2.uheWG/igi,basic,0,fcm_token_12349,pending,parent_token_005,45.0,/profile.png,remember_mno345,cust_12349,PAR015,0,0,2024-01-20 15:25:00,2024-06-19 16:20:00,PAR015
16,Sarah,Johnson,sarah.johnson@email.com,1234567890,2024-01-10 10:00:00,$2y$10$92IXUNpkjO0rOQ5byMi.Ye4oKoEa3Ro9llC/.og/at2.uheWG/igi,premium,1,fcm_token_12345,active,parent_token_001,150.75,/profiles/sarah_j.jpg,remember_abc123,cust_12345,PAR016,1,1,2024-01-10 08:30:00,2024-06-19 20:15:00,PAR016
17,Michael,Davis,michael.davis@email.com,1234567891,2024-01-12 14:20:00,$2y$10$92IXUNpkjO0rOQ5byMi.Ye4oKoEa3Ro9llC/.og/at2.uheWG/igi,basic,1,fcm_token_12346,active,parent_token_002,89.5,/profiles/michael_d.jpg,remember_def456,cust_12346,PAR017,0,1,2024-01-12 09:45:00,2024-06-19 18:30:00,PAR017
18,Emily,Brown,emily.brown@email.com,1234567892,2024-01-15 16:30:00,$2y$10$92IXUNpkjO0rOQ5byMi.Ye4oKoEa3Ro9llC/.og/at2.uheWG/igi,premium,1,fcm_token_12347,active,parent_token_003,220.0,/profiles/emily_b.jpg,remember_ghi789,cust_12347,PAR018,1,0,2024-01-15 11:20:00,2024-06-19 19:45:00,PAR018
19,Robert,Wilson,robert.wilson@email.com,1234567893,2024-01-18 12:15:00,$2y$10$92IXUNpkjO0rOQ5byMi.Ye4oKoEa3Ro9llC/.og/at2.uheWG/igi,standard,1,fcm_token_12348,active,parent_token_004,175.25,/profiles/robert_w.jpg,remember_jkl012,cust_12348,PAR019,1,1,2024-01-18 07:50:00,2024-06-19 21:10:00,PAR019
20,Lisa,Martinez,lisa.martinez@email.com,1234567894,2024-01-20 09:40:00,$2y$10$92IXUNpkjO0rOQ5byMi.Ye4oKoEa3Ro9llC/.og/at2.uheWG/igi,basic,0,fcm_token_12349,pending,parent_token_005,45.0,/profile.png,remember_mno345,cust_12349,PAR020,0,0,2024-01-20 15:25:00,2024-06-19 16:20:00,PAR020
21,Sarah,Johnson,sarah.johnson@email.com,1234567890,2024-01-10 10:00:00,$2y$10$92IXUNpkjO0rOQ5byMi.Ye4oKoEa3Ro9llC/.og/at2.uheWG/igi,premium,1,fcm_token_12345,active,parent_token_001,150.75,/profiles/sarah_j.jpg,remember_abc123,cust_12345,PAR021,1,1,2024-01-10 08:30:00,2024-06-19 20:15:00,PAR021
22,Michael,Davis,michael.davis@email.com,1234567891,2024-01-12 14:20:00,$2y$10$92IXUNpkjO0rOQ5byMi.Ye4oKoEa3Ro9llC/.og/at2.uheWG/igi,basic,1,fcm_token_12346,active,parent_token_002,89.5,/profiles/michael_d.jpg,remember_def456,cust_12346,PAR022,0,1,2024-01-12 09:45:00,2024-06-19 18:30:00,PAR022
23,Emily,Brown,emily.brown@email.com,1234567892,2024-01-15 16:30:00,$2y$10$92IXUNpkjO0rOQ5byMi.Ye4oKoEa3Ro9llC/.og/at2.uheWG/igi,premium,1,fcm_token_12347,active,parent_token_003,220.0,/profiles/emily_b.jpg,remember_ghi789,cust_12347,PAR023,1,0,2024-01-15 11:20:00,2024-06-19 19:45:00,PAR023
24,Robert,Wilson,robert.wilson@email.com,1234567893,2024-01-18 12:15:00,$2y$10$92IXUNpkjO0rOQ5byMi.Ye4oKoEa3Ro9llC/.og/at2.uheWG/igi,standard,1,fcm_token_12348,active,parent_token_004,175.25,/profiles/robert_w.jpg,remember_jkl012,cust_12348,PAR024,1,1,2024-01-18 07:50:00,2024-06-19 21:10:00,PAR024
25,Lisa,Martinez,lisa.martinez@email.com,1234567894,2024-01-20 09:40:00,$2y$10$92IXUNpkjO0rOQ5byMi.Ye4oKoEa3Ro9llC/.og/at2.uheWG/igi,basic,0,fcm_token_12349,pending,parent_token_005,45.0,/profile.png,remember_mno345,cust_12349,PAR025,0,0,2024-01-20 15:25:00,2024-06-19 16:20:00,PAR025
26,Sarah,Johnson,sarah.johnson@email.com,1234567890,2024-01-10 10:00:00,$2y$10$92IXUNpkjO0rOQ5byMi.Ye4oKoEa3Ro9llC/.og/at2.uheWG/igi,premium,1,fcm_token_12345,active,parent_token_001,150.75,/profiles/sarah_j.jpg,remember_abc123,cust_12345,PAR026,1,1,2024-01-10 08:30:00,2024-06-19 20:15:00,PAR026
27,Michael,Davis,michael.davis@email.com,1234567891,2024-01-12 14:20:00,$2y$10$92IXUNpkjO0rOQ5byMi.Ye4oKoEa3Ro9llC/.og/at2.uheWG/igi,basic,1,fcm_token_12346,active,parent_token_002,89.5,/profiles/michael_d.jpg,remember_def456,cust_12346,PAR027,0,1,2024-01-12 09:45:00,2024-06-19 18:30:00,PAR027
28,Emily,Brown,emily.brown@email.com,1234567892,2024-01-15 16:30:00,$2y$10$92IXUNpkjO0rOQ5byMi.Ye4oKoEa3Ro9llC/.og/at2.uheWG/igi,premium,1,fcm_token_12347,active,parent_token_003,220.0,/profiles/emily_b.jpg,remember_ghi789,cust_12347,PAR028,1,0,2024-01-15 11:20:00,2024-06-19 19:45:00,PAR028
29,Robert,Wilson,robert.wilson@email.com,1234567893,2024-01-18 12:15:00,$2y$10$92IXUNpkjO0rOQ5byMi.Ye4oKoEa3Ro9llC/.og/at2.uheWG/igi,standard,1,fcm_token_12348,active,parent_token_004,175.25,/profiles/robert_w.jpg,remember_jkl012,cust_12348,PAR029,1,1,2024-01-18 07:50:00,2024-06-19 21:10:00,PAR029
30,Lisa,Martinez,lisa.martinez@email.com,1234567894,2024-01-20 09:40:00,$2y$10$92IXUNpkjO0rOQ5byMi.Ye4oKoEa3Ro9llC/.og/at2.uheWG/igi,basic,0,fcm_token_12349,pending,parent_token_005,45.0,/profile.png,remember_mno345,cust_12349,PAR030,0,0,2024-01-20 15:25:00,2024-06-19 16:20:00,PAR030
31,Sarah,Johnson,sarah.johnson@email.com,1234567890,2024-01-10 10:00:00,$2y$10$92IXUNpkjO0rOQ5byMi.Ye4oKoEa3Ro9llC/.og/at2.uheWG/igi,premium,1,fcm_token_12345,active,parent_token_001,150.75,/profiles/sarah_j.jpg,remember_abc123,cust_12345,PAR031,1,1,2024-01-10 08:30:00,2024-06-19 20:15:00,PAR031
32,Michael,Davis,michael.davis@email.com,1234567891,2024-01-12 14:20:00,$2y$10$92IXUNpkjO0rOQ5byMi.Ye4oKoEa3Ro9llC/.og/at2.uheWG/igi,basic,1,fcm_token_12346,active,parent_token_002,89.5,/profiles/michael_d.jpg,remember_def456,cust_12346,PAR032,0,1,2024-01-12 09:45:00,2024-06-19 18:30:00,PAR032
33,Emily,Brown,emily.brown@email.com,1234567892,2024-01-15 16:30:00,$2y$10$92IXUNpkjO0rOQ5byMi.Ye4oKoEa3Ro9llC/.og/at2.uheWG/igi,premium,1,fcm_token_12347,active,parent_token_003,220.0,/profiles/emily_b.jpg,remember_ghi789,cust_12347,PAR033,1,0,2024-01-15 11:20:00,2024-06-19 19:45:00,PAR033
34,Robert,Wilson,robert.wilson@email.com,1234567893,2024-01-18 12:15:00,$2y$10$92IXUNpkjO0rOQ5byMi.Ye4oKoEa3Ro9llC/.og/at2.uheWG/igi,standard,1,fcm_token_12348,active,parent_token_004,175.25,/profiles/robert_w.jpg,remember_jkl012,cust_12348,PAR034,1,1,2024-01-18 07:50:00,2024-06-19 21:10:00,PAR034
35,Lisa,Martinez,lisa.martinez@email.com,1234567894,2024-01-20 09:40:00,$2y$10$92IXUNpkjO0rOQ5byMi.Ye4oKoEa3Ro9llC/.og/at2.uheWG/igi,basic,0,fcm_token_12349,pending,parent_token_005,45.0,/profile.png,remember_mno345,cust_12349,PAR035,0,0,2024-01-20 15:25:00,2024-06-19 16:20:00,PAR035
36,Sarah,Johnson,sarah.johnson@email.com,1234567890,2024-01-10 10:00:00,$2y$10$92IXUNpkjO0rOQ5byMi.Ye4oKoEa3Ro9llC/.og/at2.uheWG/igi,premium,1,fcm_token_12345,active,parent_token_001,150.75,/profiles/sarah_j.jpg,remember_abc123,cust_12345,PAR036,1,1,2024-01-10 08:30:00,2024-06-19 20:15:00,PAR036
37,Michael,Davis,michael.davis@email.com,1234567891,2024-01-12 14:20:00,$2y$10$92IXUNpkjO0rOQ5byMi.Ye4oKoEa3Ro9llC/.og/at2.uheWG/igi,basic,1,fcm_token_12346,active,parent_token_002,89.5,/profiles/michael_d.jpg,remember_def456,cust_12346,PAR037,0,1,2024-01-12 09:45:00,2024-06-19 18:30:00,PAR037
38,Emily,Brown,emily.brown@email.com,1234567892,2024-01-15 16:30:00,$2y$10$92IXUNpkjO0rOQ5byMi.Ye4oKoEa3Ro9llC/.og/at2.uheWG/igi,premium,1,fcm_token_12347,active,parent_token_003,220.0,/profiles/emily_b.jpg,remember_ghi789,cust_12347,PAR038,1,0,2024-01-15 11:20:00,2024-06-19 19:45:00,PAR038
39,Robert,Wilson,robert.wilson@email.com,1234567893,2024-01-18 12:15:00,$2y$10$92IXUNpkjO0rOQ5byMi.Ye4oKoEa3Ro9llC/.og/at2.uheWG/igi,standard,1,fcm_token_12348,active,parent_token_004,175.25,/profiles/robert_w.jpg,remember_jkl012,cust_12348,PAR039,1,1,2024-01-18 07:50:00,2024-06-19 21:10:00,PAR039
40,Lisa,Martinez,lisa.martinez@email.com,1234567894,2024-01-20 09:40:00,$2y$10$92IXUNpkjO0rOQ5byMi.Ye4oKoEa3Ro9llC/.og/at2.uheWG/igi,basic,0,fcm_token_12349,pending,parent_token_005,45.0,/profile.png,remember_mno345,cust_12349,PAR040,0,0,2024-01-20 15:25:00,2024-06-19 16:20:00,PAR040
41,Sarah,Johnson,sarah.johnson@email.com,1234567890,2024-01-10 10:00:00,$2y$10$92IXUNpkjO0rOQ5byMi.Ye4oKoEa3Ro9llC/.og/at2.uheWG/igi,premium,1,fcm_token_12345,active,parent_token_001,150.75,/profiles/sarah_j.jpg,remember_abc123,cust_12345,PAR041,1,1,2024-01-10 08:30:00,2024-06-19 20:15:00,PAR041
42,Michael,Davis,michael.davis@email.com,1234567891,2024-01-12 14:20:00,$2y$10$92IXUNpkjO0rOQ5byMi.Ye4oKoEa3Ro9llC/.og/at2.uheWG/igi,basic,1,fcm_token_12346,active,parent_token_002,89.5,/profiles/michael_d.jpg,remember_def456,cust_12346,PAR042,0,1,2024-01-12 09:45:00,2024-06-19 18:30:00,PAR042
43,Emily,Brown,emily.brown@email.com,1234567892,2024-01-15 16:30:00,$2y$10$92IXUNpkjO0rOQ5byMi.Ye4oKoEa3Ro9llC/.og/at2.uheWG/igi,premium,1,fcm_token_12347,active,parent_token_003,220.0,/profiles/emily_b.jpg,remember_ghi789,cust_12347,PAR043,1,0,2024-01-15 11:20:00,2024-06-19 19:45:00,PAR043
44,Robert,Wilson,robert.wilson@email.com,1234567893,2024-01-18 12:15:00,$2y$10$92IXUNpkjO0rOQ5byMi.Ye4oKoEa3Ro9llC/.og/at2.uheWG/igi,standard,1,fcm_token_12348,active,parent_token_004,175.25,/profiles/robert_w.jpg,remember_jkl012,cust_12348,PAR044,1,1,2024-01-18 07:50:00,2024-06-19 21:10:00,PAR044
45,Lisa,Martinez,lisa.martinez@email.com,1234567894,2024-01-20 09:40:00,$2y$10$92IXUNpkjO0rOQ5byMi.Ye4oKoEa3Ro9llC/.og/at2.uheWG/igi,basic,0,fcm_token_12349,pending,parent_token_005,45.0,/profile.png,remember_mno345,cust_12349,PAR045,0,0,2024-01-20 15:25:00,2024-06-19 16:20:00,PAR045
46,Sarah,Johnson,sarah.johnson@email.com,1234567890,2024-01-10 10:00:00,$2y$10$92IXUNpkjO0rOQ5byMi.Ye4oKoEa3Ro9llC/.og/at2.uheWG/igi,premium,1,fcm_token_12345,active,parent_token_001,150.75,/profiles/sarah_j.jpg,remember_abc123,cust_12345,PAR046,1,1,2024-01-10 08:30:00,2024-06-19 20:15:00,PAR046
47,Michael,Davis,michael.davis@email.com,1234567891,2024-01-12 14:20:00,$2y$10$92IXUNpkjO0rOQ5byMi.Ye4oKoEa3Ro9llC/.og/at2.uheWG/igi,basic,1,fcm_token_12346,active,parent_token_002,89.5,/profiles/michael_d.jpg,remember_def456,cust_12346,PAR047,0,1,2024-01-12 09:45:00,2024-06-19 18:30:00,PAR047
48,Emily,Brown,emily.brown@email.com,1234567892,2024-01-15 16:30:00,$2y$10$92IXUNpkjO0rOQ5byMi.Ye4oKoEa3Ro9llC/.og/at2.uheWG/igi,premium,1,fcm_token_12347,active,parent_token_003,220.0,/profiles/emily_b.jpg,remember_ghi789,cust_12347,PAR048,1,0,2024-01-15 11:20:00,2024-06-19 19:45:00,PAR048
49,Robert,Wilson,robert.wilson@email.com,1234567893,2024-01-18 12:15:00,$2y$10$92IXUNpkjO0rOQ5byMi.Ye4oKoEa3Ro9llC/.og/at2.uheWG/igi,standard,1,fcm_token_12348,active,parent_token_004,175.25,/profiles/robert_w.jpg,remember_jkl012,cust_12348,PAR049,1,1,2024-01-18 07:50:00,2024-06-19 21:10:00,PAR049
50,Lisa,Martinez,lisa.martinez@email.com,1234567894,2024-01-20 09:40:00,$2y$10$92IXUNpkjO0rOQ5byMi.Ye4oKoEa3Ro9llC/.og/at2.uheWG/igi,basic,0,fcm_token_12349,pending,parent_token_005,45.0,/profile.png,remember_mno345,cust_12349,PAR050,0,0,2024-01-20 15:25:00,2024-06-19 16:20:00,PAR050
51,Sarah,Johnson,sarah.johnson@email.com,1234567890,2024-01-10 10:00:00,$2y$10$92IXUNpkjO0rOQ5byMi.Ye4oKoEa3Ro9llC/.og/at2.uheWG/igi,premium,1,fcm_token_12345,active,parent_token_001,150.75,/profiles/sarah_j.jpg,remember_abc123,cust_12345,PAR051,1,1,2024-01-10 08:30:00,2024-06-19 20:15:00,PAR051
52,Michael,Davis,michael.davis@email.com,1234567891,2024-01-12 14:20:00,$2y$10$92IXUNpkjO0rOQ5byMi.Ye4oKoEa3Ro9llC/.og/at2.uheWG/igi,basic,1,fcm_token_12346,active,parent_token_002,89.5,/profiles/michael_d.jpg,remember_def456,cust_12346,PAR052,0,1,2024-01-12 09:45:00,2024-06-19 18:30:00,PAR052
53,Emily,Brown,emily.brown@email.com,1234567892,2024-01-15 16:30:00,$2y$10$92IXUNpkjO0rOQ5byMi.Ye4oKoEa3Ro9llC/.og/at2.uheWG/igi,premium,1,fcm_token_12347,active,parent_token_003,220.0,/profiles/emily_b.jpg,remember_ghi789,cust_12347,PAR053,1,0,2024-01-15 11:20:00,2024-06-19 19:45:00,PAR053
54,Robert,Wilson,robert.wilson@email.com,1234567893,2024-01-18 12:15:00,$2y$10$92IXUNpkjO0rOQ5byMi.Ye4oKoEa3Ro9llC/.og/at2.uheWG/igi,standard,1,fcm_token_12348,active,parent_token_004,175.25,/profiles/robert_w.jpg,remember_jkl012,cust_12348,PAR054,1,1,2024-01-18 07:50:00,2024-06-19 21:10:00,PAR054
55,Lisa,Martinez,lisa.martinez@email.com,1234567894,2024-01-20 09:40:00,$2y$10$92IXUNpkjO0rOQ5byMi.Ye4oKoEa3Ro9llC/.og/at2.uheWG/igi,basic,0,fcm_token_12349,pending,parent_token_005,45.0,/profile.png,remember_mno345,cust_12349,PAR055,0,0,2024-01-20 15:25:00,2024-06-19 16:20:00,PAR055
56,Sarah,Johnson,sarah.johnson@email.com,1234567890,2024-01-10 10:00:00,$2y$10$92IXUNpkjO0rOQ5byMi.Ye4oKoEa3Ro9llC/.og/at2.uheWG/igi,premium,1,fcm_token_12345,active,parent_token_001,150.75,/profiles/sarah_j.jpg,remember_abc123,cust_12345,PAR056,1,1,2024-01-10 08:30:00,2024-06-19 20:15:00,PAR056
57,Michael,Davis,michael.davis@email.com,1234567891,2024-01-12 14:20:00,$2y$10$92IXUNpkjO0rOQ5byMi.Ye4oKoEa3Ro9llC/.og/at2.uheWG/igi,basic,1,fcm_token_12346,active,parent_token_002,89.5,/profiles/michael_d.jpg,remember_def456,cust_12346,PAR057,0,1,2024-01-12 09:45:00,2024-06-19 18:30:00,PAR057
58,Emily,Brown,emily.brown@email.com,1234567892,2024-01-15 16:30:00,$2y$10$92IXUNpkjO0rOQ5byMi.Ye4oKoEa3Ro9llC/.og/at2.uheWG/igi,premium,1,fcm_token_12347,active,parent_token_003,220.0,/profiles/emily_b.jpg,remember_ghi789,cust_12347,PAR058,1,0,2024-01-15 11:20:00,2024-06-19 19:45:00,PAR058
59,Robert,Wilson,robert.wilson@email.com,1234567893,2024-01-18 12:15:00,$2y$10$92IXUNpkjO0rOQ5byMi.Ye4oKoEa3Ro9llC/.og/at2.uheWG/igi,standard,1,fcm_token_12348,active,parent_token_004,175.25,/profiles/robert_w.jpg,remember_jkl012,cust_12348,PAR059,1,1,2024-01-18 07:50:00,2024-06-19 21:10:00,PAR059
60,Lisa,Martinez,lisa.martinez@email.com,1234567894,2024-01-20 09:40:00,$2y$10$92IXUNpkjO0rOQ5byMi.Ye4oKoEa3Ro9llC/.og/at2.uheWG/igi,basic,0,fcm_token_12349,pending,parent_token_005,45.0,/profile.png,remember_mno345,cust_12349,PAR060,0,0,2024-01-20 15:25:00,2024-06-19 16:20:00,PAR060
61,Sarah,Johnson,sarah.johnson@email.com,1234567890,2024-01-10 10:00:00,$2y$10$92IXUNpkjO0rOQ5byMi.Ye4oKoEa3Ro9llC/.og/at2.uheWG/igi,premium,1,fcm_token_12345,active,parent_token_001,150.75,/profiles/sarah_j.jpg,remember_abc123,cust_12345,PAR061,1,1,2024-01-10 08:30:00,2024-06-19 20:15:00,PAR061
62,Michael,Davis,michael.davis@email.com,1234567891,2024-01-12 14:20:00,$2y$10$92IXUNpkjO0rOQ5byMi.Ye4oKoEa3Ro9llC/.og/at2.uheWG/igi,basic,1,fcm_token_12346,active,parent_token_002,89.5,/profiles/michael_d.jpg,remember_def456,cust_12346,PAR062,0,1,2024-01-12 09:45:00,2024-06-19 18:30:00,PAR062
63,Emily,Brown,emily.brown@email.com,1234567892,2024-01-15 16:30:00,$2y$10$92IXUNpkjO0rOQ5byMi.Ye4oKoEa3Ro9llC/.og/at2.uheWG/igi,premium,1,fcm_token_12347,active,parent_token_003,220.0,/profiles/emily_b.jpg,remember_ghi789,cust_12347,PAR063,1,0,2024-01-15 11:20:00,2024-06-19 19:45:00,PAR063
64,Robert,Wilson,robert.wilson@email.com,1234567893,2024-01-18 12:15:00,$2y$10$92IXUNpkjO0rOQ5byMi.Ye4oKoEa3Ro9llC/.og/at2.uheWG/igi,standard,1,fcm_token_12348,active,parent_token_004,175.25,/profiles/robert_w.jpg,remember_jkl012,cust_12348,PAR064,1,1,2024-01-18 07:50:00,2024-06-19 21:10:00,PAR064
65,Lisa,Martinez,lisa.martinez@email.com,1234567894,2024-01-20 09:40:00,$2y$10$92IXUNpkjO0rOQ5byMi.Ye4oKoEa3Ro9llC/.og/at2.uheWG/igi,basic,0,fcm_token_12349,pending,parent_token_005,45.0,/profile.png,remember_mno345,cust_12349,PAR065,0,0,2024-01-20 15:25:00,2024-06-19 16:20:00,PAR065
66,Sarah,Johnson,sarah.johnson@email.com,1234567890,2024-01-10 10:00:00,$2y$10$92IXUNpkjO0rOQ5byMi.Ye4oKoEa3Ro9llC/.og/at2.uheWG/igi,premium,1,fcm_token_12345,active,parent_token_001,150.75,/profiles/sarah_j.jpg,remember_abc123,cust_12345,PAR066,1,1,2024-01-10 08:30:00,2024-06-19 20:15:00,PAR066
67,Michael,Davis,michael.davis@email.com,1234567891,2024-01-12 14:20:00,$2y$10$92IXUNpkjO0rOQ5byMi.Ye4oKoEa3Ro9llC/.og/at2.uheWG/igi,basic,1,fcm_token_12346,active,parent_token_002,89.5,/profiles/michael_d.jpg,remember_def456,cust_12346,PAR067,0,1,2024-01-12 09:45:00,2024-06-19 18:30:00,PAR067
68,Emily,Brown,emily.brown@email.com,1234567892,2024-01-15 16:30:00,$2y$10$92IXUNpkjO0rOQ5byMi.Ye4oKoEa3Ro9llC/.og/at2.uheWG/igi,premium,1,fcm_token_12347,active,parent_token_003,220.0,/profiles/emily_b.jpg,remember_ghi789,cust_12347,PAR068,1,0,2024-01-15 11:20:00,2024-06-19 19:45:00,PAR068
69,Robert,Wilson,robert.wilson@email.com,1234567893,2024-01-18 12:15:00,$2y$10$92IXUNpkjO0rOQ5byMi.Ye4oKoEa3Ro9llC/.og/at2.uheWG/igi,standard,1,fcm_token_12348,active,parent_token_004,175.25,/profiles/robert_w.jpg,remember_jkl012,cust_12348,PAR069,1,1,2024-01-18 07:50:00,2024-06-19 21:10:00,PAR069
70,Lisa,Martinez,lisa.martinez@email.com,1234567894,2024-01-20 09:40:00,$2y$10$92IXUNpkjO0rOQ5byMi.Ye4oKoEa3Ro9llC/.og/at2.uheWG/igi,basic,0,fcm_token_12349,pending,parent_token_005,45.0,/profile.png,remember_mno345,cust_12349,PAR070,0,0,2024-01-20 15:25:00,2024-06-19 16:20:00,PAR070
71,Sarah,Johnson,sarah.johnson@email.com,1234567890,2024-01-10 10:00:00,$2y$10$92IXUNpkjO0rOQ5byMi.Ye4oKoEa3Ro9llC/.og/at2.uheWG/igi,premium,1,fcm_token_12345,active,parent_token_001,150.75,/profiles/sarah_j.jpg,remember_abc123,cust_12345,PAR071,1,1,2024-01-10 08:30:00,2024-06-19 20:15:00,PAR071
72,Michael,Davis,michael.davis@email.com,1234567891,2024-01-12 14:20:00,$2y$10$92IXUNpkjO0rOQ5byMi.Ye4oKoEa3Ro9llC/.og/at2.uheWG/igi,basic,1,fcm_token_12346,active,parent_token_002,89.5,/profiles/michael_d.jpg,remember_def456,cust_12346,PAR072,0,1,2024-01-12 09:45:00,2024-06-19 18:30:00,PAR072
73,Emily,Brown,emily.brown@email.com,1234567892,2024-01-15 16:30:00,$2y$10$92IXUNpkjO0rOQ5byMi.Ye4oKoEa3Ro9llC/.og/at2.uheWG/igi,premium,1,fcm_token_12347,active,parent_token_003,220.0,/profiles/emily_b.jpg,remember_ghi789,cust_12347,PAR073,1,0,2024-01-15 11:20:00,2024-06-19 19:45:00,PAR073
74,Robert,Wilson,robert.wilson@email.com,1234567893,2024-01-18 12:15:00,$2y$10$92IXUNpkjO0rOQ5byMi.Ye4oKoEa3Ro9llC/.og/at2.uheWG/igi,standard,1,fcm_token_12348,active,parent_token_004,175.25,/profiles/robert_w.jpg,remember_jkl012,cust_12348,PAR074,1,1,2024-01-18 07:50:00,2024-06-19 21:10:00,PAR074
75,Lisa,Martinez,lisa.martinez@email.com,1234567894,2024-01-20 09:40:00,$2y$10$92IXUNpkjO0rOQ5byMi.Ye4oKoEa3Ro9llC/.og/at2.uheWG/igi,basic,0,fcm_token_12349,pending,parent_token_005,45.0,/profile.png,remember_mno345,cust_12349,PAR075,0,0,2024-01-20 15:25:00,2024-06-19 16:20:00,PAR075
76,Sarah,Johnson,sarah.johnson@email.com,1234567890,2024-01-10 10:00:00,$2y$10$92IXUNpkjO0rOQ5byMi.Ye4oKoEa3Ro9llC/.og/at2.uheWG/igi,premium,1,fcm_token_12345,active,parent_token_001,150.75,/profiles/sarah_j.jpg,remember_abc123,cust_12345,PAR076,1,1,2024-01-10 08:30:00,2024-06-19 20:15:00,PAR076
77,Michael,Davis,michael.davis@email.com,1234567891,2024-01-12 14:20:00,$2y$10$92IXUNpkjO0rOQ5byMi.Ye4oKoEa3Ro9llC/.og/at2.uheWG/igi,basic,1,fcm_token_12346,active,parent_token_002,89.5,/profiles/michael_d.jpg,remember_def456,cust_12346,PAR077,0,1,2024-01-12 09:45:00,2024-06-19 18:30:00,PAR077
78,Emily,Brown,emily.brown@email.com,1234567892,2024-01-15 16:30:00,$2y$10$92IXUNpkjO0rOQ5byMi.Ye4oKoEa3Ro9llC/.og/at2.uheWG/igi,premium,1,fcm_token_12347,active,parent_token_003,220.0,/profiles/emily_b.jpg,remember_ghi789,cust_12347,PAR078,1,0,2024-01-15 11:20:00,2024-06-19 19:45:00,PAR078
79,Robert,Wilson,robert.wilson@email.com,1234567893,2024-01-18 12:15:00,$2y$10$92IXUNpkjO0rOQ5byMi.Ye4oKoEa3Ro9llC/.og/at2.uheWG/igi,standard,1,fcm_token_12348,active,parent_token_004,175.25,/profiles/robert_w.jpg,remember_jkl012,cust_12348,PAR079,1,1,2024-01-18 07:50:00,2024-06-19 21:10:00,PAR079
80,Lisa,Martinez,lisa.martinez@email.com,1234567894,2024-01-20 09:40:00,$2y$10$92IXUNpkjO0rOQ5byMi.Ye4oKoEa3Ro9llC/.og/at2.uheWG/igi,basic,0,fcm_token_12349,pending,parent_token_005,45.0,/profile.png,remember_mno345,cust_12349,PAR080,0,0,2024-01-20 15:25:00,2024-06-19 16:20:00,PAR080
81,Sarah,Johnson,sarah.johnson@email.com,1234567890,2024-01-10 10:00:00,$2y$10$92IXUNpkjO0rOQ5byMi.Ye4oKoEa3Ro9llC/.og/at2.uheWG/igi,premium,1,fcm_token_12345,active,parent_token_001,150.75,/profiles/sarah_j.jpg,remember_abc123,cust_12345,PAR081,1,1,2024-01-10 08:30:00,2024-06-19 20:15:00,PAR081
82,Michael,Davis,michael.davis@email.com,1234567891,2024-01-12 14:20:00,$2y$10$92IXUNpkjO0rOQ5byMi.Ye4oKoEa3Ro9llC/.og/at2.uheWG/igi,basic,1,fcm_token_12346,active,parent_token_002,89.5,/profiles/michael_d.jpg,remember_def456,cust_12346,PAR082,0,1,2024-01-12 09:45:00,2024-06-19 18:30:00,PAR082
83,Emily,Brown,emily.brown@email.com,1234567892,2024-01-15 16:30:00,$2y$10$92IXUNpkjO0rOQ5byMi.Ye4oKoEa3Ro9llC/.og/at2.uheWG/igi,premium,1,fcm_token_12347,active,parent_token_003,220.0,/profiles/emily_b.jpg,remember_ghi789,cust_12347,PAR083,1,0,2024-01-15 11:20:00,2024-06-19 19:45:00,PAR083
84,Robert,Wilson,robert.wilson@email.com,1234567893,2024-01-18 12:15:00,$2y$10$92IXUNpkjO0rOQ5byMi.Ye4oKoEa3Ro9llC/.og/at2.uheWG/igi,standard,1,fcm_token_12348,active,parent_token_004,175.25,/profiles/robert_w.jpg,remember_jkl012,cust_12348,PAR084,1,1,2024-01-18 07:50:00,2024-06-19 21:10:00,PAR084
85,Lisa,Martinez,lisa.martinez@email.com,1234567894,2024-01-20 09:40:00,$2y$10$92IXUNpkjO0rOQ5byMi.Ye4oKoEa3Ro9llC/.og/at2.uheWG/igi,basic,0,fcm_token_12349,pending,parent_token_005,45.0,/profile.png,remember_mno345,cust_12349,PAR085,0,0,2024-01-20 15:25:00,2024-06-19 16:20:00,PAR085
86,Sarah,Johnson,sarah.johnson@email.com,1234567890,2024-01-10 10:00:00,$2y$10$92IXUNpkjO0rOQ5byMi.Ye4oKoEa3Ro9llC/.og/at2.uheWG/igi,premium,1,fcm_token_12345,active,parent_token_001,150.75,/profiles/sarah_j.jpg,remember_abc123,cust_12345,PAR086,1,1,2024-01-10 08:30:00,2024-06-19 20:15:00,PAR086
87,Michael,Davis,michael.davis@email.com,1234567891,2024-01-12 14:20:00,$2y$10$92IXUNpkjO0rOQ5byMi.Ye4oKoEa3Ro9llC/.og/at2.uheWG/igi,basic,1,fcm_token_12346,active,parent_token_002,89.5,/profiles/michael_d.jpg,remember_def456,cust_12346,PAR087,0,1,2024-01-12 09:45:00,2024-06-19 18:30:00,PAR087
88,Emily,Brown,emily.brown@email.com,1234567892,2024-01-15 16:30:00,$2y$10$92IXUNpkjO0rOQ5byMi.Ye4oKoEa3Ro9llC/.og/at2.uheWG/igi,premium,1,fcm_token_12347,active,parent_token_003,220.0,/profiles/emily_b.jpg,remember_ghi789,cust_12347,PAR088,1,0,2024-01-15 11:20:00,2024-06-19 19:45:00,PAR088
89,Robert,Wilson,robert.wilson@email.com,1234567893,2024-01-18 12:15:00,$2y$10$92IXUNpkjO0rOQ5byMi.Ye4oKoEa3Ro9llC/.og/at2.uheWG/igi,standard,1,fcm_token_12348,active,parent_token_004,175.25,/profiles/robert_w.jpg,remember_jkl012,cust_12348,PAR089,1,1,2024-01-18 07:50:00,2024-06-19 21:10:00,PAR089
90,Lisa,Martinez,lisa.martinez@email.com,1234567894,2024-01-20 09:40:00,$2y$10$92IXUNpkjO0rOQ5byMi.Ye4oKoEa3Ro9llC/.og/at2.uheWG/igi,basic,0,fcm_token_12349,pending,parent_token_005,45.0,/profile.png,remember_mno345,cust_12349,PAR090,0,0,2024-01-20 15:25:00,2024-06-19 16:20:00,PAR090
91,Sarah,Johnson,sarah.johnson@email.com,1234567890,2024-01-10 10:00:00,$2y$10$92IXUNpkjO0rOQ5byMi.Ye4oKoEa3Ro9llC/.og/at2.uheWG/igi,premium,1,fcm_token_12345,active,parent_token_001,150.75,/profiles/sarah_j.jpg,remember_abc123,cust_12345,PAR091,1,1,2024-01-10 08:30:00,2024-06-19 20:15:00,PAR091
92,Michael,Davis,michael.davis@email.com,1234567891,2024-01-12 14:20:00,$2y$10$92IXUNpkjO0rOQ5byMi.Ye4oKoEa3Ro9llC/.og/at2.uheWG/igi,basic,1,fcm_token_12346,active,parent_token_002,89.5,/profiles/michael_d.jpg,remember_def456,cust_12346,PAR092,0,1,2024-01-12 09:45:00,2024-06-19 18:30:00,PAR092
93,Emily,Brown,emily.brown@email.com,1234567892,2024-01-15 16:30:00,$2y$10$92IXUNpkjO0rOQ5byMi.Ye4oKoEa3Ro9llC/.og/at2.uheWG/igi,premium,1,fcm_token_12347,active,parent_token_003,220.0,/profiles/emily_b.jpg,remember_ghi789,cust_12347,PAR093,1,0,2024-01-15 11:20:00,2024-06-19 19:45:00,PAR093
94,Robert,Wilson,robert.wilson@email.com,1234567893,2024-01-18 12:15:00,$2y$10$92IXUNpkjO0rOQ5byMi.Ye4oKoEa3Ro9llC/.og/at2.uheWG/igi,standard,1,fcm_token_12348,active,parent_token_004,175.25,/profiles/robert_w.jpg,remember_jkl012,cust_12348,PAR094,1,1,2024-01-18 07:50:00,2024-06-19 21:10:00,PAR094
95,Lisa,Martinez,lisa.martinez@email.com,1234567894,2024-01-20 09:40:00,$2y$10$92IXUNpkjO0rOQ5byMi.Ye4oKoEa3Ro9llC/.og/at2.uheWG/igi,basic,0,fcm_token_12349,pending,parent_token_005,45.0,/profile.png,remember_mno345,cust_12349,PAR095,0,0,2024-01-20 15:25:00,2024-06-19 16:20:00,PAR095
96,Sarah,Johnson,sarah.johnson@email.com,1234567890,2024-01-10 10:00:00,$2y$10$92IXUNpkjO0rOQ5byMi.Ye4oKoEa3Ro9llC/.og/at2.uheWG/igi,premium,1,fcm_token_12345,active,parent_token_001,150.75,/profiles/sarah_j.jpg,remember_abc123,cust_12345,PAR096,1,1,2024-01-10 08:30:00,2024-06-19 20:15:00,PAR096
97,Michael,Davis,michael.davis@email.com,1234567891,2024-01-12 14:20:00,$2y$10$92IXUNpkjO0rOQ5byMi.Ye4oKoEa3Ro9llC/.og/at2.uheWG/igi,basic,1,fcm_token_12346,active,parent_token_002,89.5,/profiles/michael_d.jpg,remember_def456,cust_12346,PAR097,0,1,2024-01-12 09:45:00,2024-06-19 18:30:00,PAR097
98,Emily,Brown,emily.brown@email.com,1234567892,2024-01-15 16:30:00,$2y$10$92IXUNpkjO0rOQ5byMi.Ye4oKoEa3Ro9llC/.og/at2.uheWG/igi,premium,1,fcm_token_12347,active,parent_token_003,220.0,/profiles/emily_b.jpg,remember_ghi789,cust_12347,PAR098,1,0,2024-01-15 11:20:00,2024-06-19 19:45:00,PAR098
99,Robert,Wilson,robert.wilson@email.com,1234567893,2024-01-18 12:15:00,$2y$10$92IXUNpkjO0rOQ5byMi.Ye4oKoEa3Ro9llC/.og/at2.uheWG/igi,standard,1,fcm_token_12348,active,parent_token_004,175.25,/profiles/robert_w.jpg,remember_jkl012,cust_12348,PAR099,1,1,2024-01-18 07:50:00,2024-06-19 21:10:00,PAR099
100,Lisa,Martinez,lisa.martinez@email.com,1234567894,2024-01-20 09:40:00,$2y$10$92IXUNpkjO0rOQ5byMi.Ye4oKoEa3Ro9llC/.og/at2.uheWG/igi,basic,0,fcm_token_12349,pending,parent_token_005,45.0,/profile.png,remember_mno345,cust_12349,PAR100,0,0,2024-01-20 15:25:00,2024-06-19 16:20:00,PAR100
