id,fname,email,lname,image,phone,email_verified_at,password,token,school,is_biller,customer_id,status,classroom,remember_token,created_at,updated_at
1,Jennifer,jennifer.smith@school.edu,Smith,/profiles/jennifer_s.jpg,1234567895,2024-01-08 10:00:00,$2y$10$92IXUNpkjO0rOQ5byMi.Ye4oKoEa3Ro9llC/.og/at2.uheWG/igi,teacher_token_001,1,0,cust_teach_001,active,101,teach_remember_001,2024-01-08 08:00:00,2024-06-19 22:00:00
2,David,david.lee@school.edu,Lee,/profiles/david_l.jpg,1234567896,2024-01-10 11:30:00,$2y$10$92IXUNpkjO0rOQ5byMi.Ye4oKoEa3Ro9llC/.og/at2.uheWG/igi,teacher_token_002,1,1,cust_teach_002,active,102,teach_remember_002,2024-01-10 09:15:00,2024-06-19 20:45:00
3,Amanda,amanda.garcia@school.edu,Garcia,/profiles/amanda_g.jpg,1234567897,2024-01-12 14:20:00,$2y$10$92IXUNpkjO0rOQ5byMi.Ye4oKoEa3Ro9llC/.og/at2.uheWG/igi,teacher_token_003,2,0,cust_teach_003,active,201,teach_remember_003,2024-01-12 10:30:00,2024-06-19 19:30:00
4,James,james.taylor@school.edu,Taylor,/profiles/james_t.jpg,1234567898,2024-01-15 16:45:00,$2y$10$92IXUNpkjO0rOQ5byMi.Ye4oKoEa3Ro9llC/.og/at2.uheWG/igi,teacher_token_004,2,0,cust_teach_004,active,202,teach_remember_004,2024-01-15 12:00:00,2024-06-19 18:15:00
5,Rachel,rachel.white@school.edu,White,/profiles/rachel_w.jpg,1234567899,2024-01-18 13:10:00,$2y$10$92IXUNpkjO0rOQ5byMi.Ye4oKoEa3Ro9llC/.og/at2.uheWG/igi,teacher_token_005,1,1,cust_teach_005,active,103,teach_remember_005,2024-01-18 11:45:00,2024-06-19 17:50:00
6,Jennifer,jennifer.smith@school.edu,Smith,/profiles/jennifer_s.jpg,1234567895,2024-01-08 10:00:00,$2y$10$92IXUNpkjO0rOQ5byMi.Ye4oKoEa3Ro9llC/.og/at2.uheWG/igi,teacher_token_001,1,0,cust_teach_001,active,101,teach_remember_001,2024-01-08 08:00:00,2024-06-19 22:00:00
7,David,david.lee@school.edu,Lee,/profiles/david_l.jpg,1234567896,2024-01-10 11:30:00,$2y$10$92IXUNpkjO0rOQ5byMi.Ye4oKoEa3Ro9llC/.og/at2.uheWG/igi,teacher_token_002,1,1,cust_teach_002,active,102,teach_remember_002,2024-01-10 09:15:00,2024-06-19 20:45:00
8,Amanda,amanda.garcia@school.edu,Garcia,/profiles/amanda_g.jpg,1234567897,2024-01-12 14:20:00,$2y$10$92IXUNpkjO0rOQ5byMi.Ye4oKoEa3Ro9llC/.og/at2.uheWG/igi,teacher_token_003,2,0,cust_teach_003,active,201,teach_remember_003,2024-01-12 10:30:00,2024-06-19 19:30:00
9,James,james.taylor@school.edu,Taylor,/profiles/james_t.jpg,1234567898,2024-01-15 16:45:00,$2y$10$92IXUNpkjO0rOQ5byMi.Ye4oKoEa3Ro9llC/.og/at2.uheWG/igi,teacher_token_004,2,0,cust_teach_004,active,202,teach_remember_004,2024-01-15 12:00:00,2024-06-19 18:15:00
10,Rachel,rachel.white@school.edu,White,/profiles/rachel_w.jpg,1234567899,2024-01-18 13:10:00,$2y$10$92IXUNpkjO0rOQ5byMi.Ye4oKoEa3Ro9llC/.og/at2.uheWG/igi,teacher_token_005,1,1,cust_teach_005,active,103,teach_remember_005,2024-01-18 11:45:00,2024-06-19 17:50:00
11,Jennifer,jennifer.smith@school.edu,Smith,/profiles/jennifer_s.jpg,1234567895,2024-01-08 10:00:00,$2y$10$92IXUNpkjO0rOQ5byMi.Ye4oKoEa3Ro9llC/.og/at2.uheWG/igi,teacher_token_001,1,0,cust_teach_001,active,101,teach_remember_001,2024-01-08 08:00:00,2024-06-19 22:00:00
12,David,david.lee@school.edu,Lee,/profiles/david_l.jpg,1234567896,2024-01-10 11:30:00,$2y$10$92IXUNpkjO0rOQ5byMi.Ye4oKoEa3Ro9llC/.og/at2.uheWG/igi,teacher_token_002,1,1,cust_teach_002,active,102,teach_remember_002,2024-01-10 09:15:00,2024-06-19 20:45:00
13,Amanda,amanda.garcia@school.edu,Garcia,/profiles/amanda_g.jpg,1234567897,2024-01-12 14:20:00,$2y$10$92IXUNpkjO0rOQ5byMi.Ye4oKoEa3Ro9llC/.og/at2.uheWG/igi,teacher_token_003,2,0,cust_teach_003,active,201,teach_remember_003,2024-01-12 10:30:00,2024-06-19 19:30:00
14,James,james.taylor@school.edu,Taylor,/profiles/james_t.jpg,1234567898,2024-01-15 16:45:00,$2y$10$92IXUNpkjO0rOQ5byMi.Ye4oKoEa3Ro9llC/.og/at2.uheWG/igi,teacher_token_004,2,0,cust_teach_004,active,202,teach_remember_004,2024-01-15 12:00:00,2024-06-19 18:15:00
15,Rachel,rachel.white@school.edu,White,/profiles/rachel_w.jpg,1234567899,2024-01-18 13:10:00,$2y$10$92IXUNpkjO0rOQ5byMi.Ye4oKoEa3Ro9llC/.og/at2.uheWG/igi,teacher_token_005,1,1,cust_teach_005,active,103,teach_remember_005,2024-01-18 11:45:00,2024-06-19 17:50:00
16,Jennifer,jennifer.smith@school.edu,Smith,/profiles/jennifer_s.jpg,1234567895,2024-01-08 10:00:00,$2y$10$92IXUNpkjO0rOQ5byMi.Ye4oKoEa3Ro9llC/.og/at2.uheWG/igi,teacher_token_001,1,0,cust_teach_001,active,101,teach_remember_001,2024-01-08 08:00:00,2024-06-19 22:00:00
17,David,david.lee@school.edu,Lee,/profiles/david_l.jpg,1234567896,2024-01-10 11:30:00,$2y$10$92IXUNpkjO0rOQ5byMi.Ye4oKoEa3Ro9llC/.og/at2.uheWG/igi,teacher_token_002,1,1,cust_teach_002,active,102,teach_remember_002,2024-01-10 09:15:00,2024-06-19 20:45:00
18,Amanda,amanda.garcia@school.edu,Garcia,/profiles/amanda_g.jpg,1234567897,2024-01-12 14:20:00,$2y$10$92IXUNpkjO0rOQ5byMi.Ye4oKoEa3Ro9llC/.og/at2.uheWG/igi,teacher_token_003,2,0,cust_teach_003,active,201,teach_remember_003,2024-01-12 10:30:00,2024-06-19 19:30:00
19,James,james.taylor@school.edu,Taylor,/profiles/james_t.jpg,1234567898,2024-01-15 16:45:00,$2y$10$92IXUNpkjO0rOQ5byMi.Ye4oKoEa3Ro9llC/.og/at2.uheWG/igi,teacher_token_004,2,0,cust_teach_004,active,202,teach_remember_004,2024-01-15 12:00:00,2024-06-19 18:15:00
20,Rachel,rachel.white@school.edu,White,/profiles/rachel_w.jpg,1234567899,2024-01-18 13:10:00,$2y$10$92IXUNpkjO0rOQ5byMi.Ye4oKoEa3Ro9llC/.og/at2.uheWG/igi,teacher_token_005,1,1,cust_teach_005,active,103,teach_remember_005,2024-01-18 11:45:00,2024-06-19 17:50:00
21,Jennifer,jennifer.smith@school.edu,Smith,/profiles/jennifer_s.jpg,1234567895,2024-01-08 10:00:00,$2y$10$92IXUNpkjO0rOQ5byMi.Ye4oKoEa3Ro9llC/.og/at2.uheWG/igi,teacher_token_001,1,0,cust_teach_001,active,101,teach_remember_001,2024-01-08 08:00:00,2024-06-19 22:00:00
22,David,david.lee@school.edu,Lee,/profiles/david_l.jpg,1234567896,2024-01-10 11:30:00,$2y$10$92IXUNpkjO0rOQ5byMi.Ye4oKoEa3Ro9llC/.og/at2.uheWG/igi,teacher_token_002,1,1,cust_teach_002,active,102,teach_remember_002,2024-01-10 09:15:00,2024-06-19 20:45:00
23,Amanda,amanda.garcia@school.edu,Garcia,/profiles/amanda_g.jpg,1234567897,2024-01-12 14:20:00,$2y$10$92IXUNpkjO0rOQ5byMi.Ye4oKoEa3Ro9llC/.og/at2.uheWG/igi,teacher_token_003,2,0,cust_teach_003,active,201,teach_remember_003,2024-01-12 10:30:00,2024-06-19 19:30:00
24,James,james.taylor@school.edu,Taylor,/profiles/james_t.jpg,1234567898,2024-01-15 16:45:00,$2y$10$92IXUNpkjO0rOQ5byMi.Ye4oKoEa3Ro9llC/.og/at2.uheWG/igi,teacher_token_004,2,0,cust_teach_004,active,202,teach_remember_004,2024-01-15 12:00:00,2024-06-19 18:15:00
25,Rachel,rachel.white@school.edu,White,/profiles/rachel_w.jpg,1234567899,2024-01-18 13:10:00,$2y$10$92IXUNpkjO0rOQ5byMi.Ye4oKoEa3Ro9llC/.og/at2.uheWG/igi,teacher_token_005,1,1,cust_teach_005,active,103,teach_remember_005,2024-01-18 11:45:00,2024-06-19 17:50:00
26,Jennifer,jennifer.smith@school.edu,Smith,/profiles/jennifer_s.jpg,1234567895,2024-01-08 10:00:00,$2y$10$92IXUNpkjO0rOQ5byMi.Ye4oKoEa3Ro9llC/.og/at2.uheWG/igi,teacher_token_001,1,0,cust_teach_001,active,101,teach_remember_001,2024-01-08 08:00:00,2024-06-19 22:00:00
27,David,david.lee@school.edu,Lee,/profiles/david_l.jpg,1234567896,2024-01-10 11:30:00,$2y$10$92IXUNpkjO0rOQ5byMi.Ye4oKoEa3Ro9llC/.og/at2.uheWG/igi,teacher_token_002,1,1,cust_teach_002,active,102,teach_remember_002,2024-01-10 09:15:00,2024-06-19 20:45:00
28,Amanda,amanda.garcia@school.edu,Garcia,/profiles/amanda_g.jpg,1234567897,2024-01-12 14:20:00,$2y$10$92IXUNpkjO0rOQ5byMi.Ye4oKoEa3Ro9llC/.og/at2.uheWG/igi,teacher_token_003,2,0,cust_teach_003,active,201,teach_remember_003,2024-01-12 10:30:00,2024-06-19 19:30:00
29,James,james.taylor@school.edu,Taylor,/profiles/james_t.jpg,1234567898,2024-01-15 16:45:00,$2y$10$92IXUNpkjO0rOQ5byMi.Ye4oKoEa3Ro9llC/.og/at2.uheWG/igi,teacher_token_004,2,0,cust_teach_004,active,202,teach_remember_004,2024-01-15 12:00:00,2024-06-19 18:15:00
30,Rachel,rachel.white@school.edu,White,/profiles/rachel_w.jpg,1234567899,2024-01-18 13:10:00,$2y$10$92IXUNpkjO0rOQ5byMi.Ye4oKoEa3Ro9llC/.og/at2.uheWG/igi,teacher_token_005,1,1,cust_teach_005,active,103,teach_remember_005,2024-01-18 11:45:00,2024-06-19 17:50:00
31,Jennifer,jennifer.smith@school.edu,Smith,/profiles/jennifer_s.jpg,1234567895,2024-01-08 10:00:00,$2y$10$92IXUNpkjO0rOQ5byMi.Ye4oKoEa3Ro9llC/.og/at2.uheWG/igi,teacher_token_001,1,0,cust_teach_001,active,101,teach_remember_001,2024-01-08 08:00:00,2024-06-19 22:00:00
32,David,david.lee@school.edu,Lee,/profiles/david_l.jpg,1234567896,2024-01-10 11:30:00,$2y$10$92IXUNpkjO0rOQ5byMi.Ye4oKoEa3Ro9llC/.og/at2.uheWG/igi,teacher_token_002,1,1,cust_teach_002,active,102,teach_remember_002,2024-01-10 09:15:00,2024-06-19 20:45:00
33,Amanda,amanda.garcia@school.edu,Garcia,/profiles/amanda_g.jpg,1234567897,2024-01-12 14:20:00,$2y$10$92IXUNpkjO0rOQ5byMi.Ye4oKoEa3Ro9llC/.og/at2.uheWG/igi,teacher_token_003,2,0,cust_teach_003,active,201,teach_remember_003,2024-01-12 10:30:00,2024-06-19 19:30:00
34,James,james.taylor@school.edu,Taylor,/profiles/james_t.jpg,1234567898,2024-01-15 16:45:00,$2y$10$92IXUNpkjO0rOQ5byMi.Ye4oKoEa3Ro9llC/.og/at2.uheWG/igi,teacher_token_004,2,0,cust_teach_004,active,202,teach_remember_004,2024-01-15 12:00:00,2024-06-19 18:15:00
35,Rachel,rachel.white@school.edu,White,/profiles/rachel_w.jpg,1234567899,2024-01-18 13:10:00,$2y$10$92IXUNpkjO0rOQ5byMi.Ye4oKoEa3Ro9llC/.og/at2.uheWG/igi,teacher_token_005,1,1,cust_teach_005,active,103,teach_remember_005,2024-01-18 11:45:00,2024-06-19 17:50:00
36,Jennifer,jennifer.smith@school.edu,Smith,/profiles/jennifer_s.jpg,1234567895,2024-01-08 10:00:00,$2y$10$92IXUNpkjO0rOQ5byMi.Ye4oKoEa3Ro9llC/.og/at2.uheWG/igi,teacher_token_001,1,0,cust_teach_001,active,101,teach_remember_001,2024-01-08 08:00:00,2024-06-19 22:00:00
37,David,david.lee@school.edu,Lee,/profiles/david_l.jpg,1234567896,2024-01-10 11:30:00,$2y$10$92IXUNpkjO0rOQ5byMi.Ye4oKoEa3Ro9llC/.og/at2.uheWG/igi,teacher_token_002,1,1,cust_teach_002,active,102,teach_remember_002,2024-01-10 09:15:00,2024-06-19 20:45:00
38,Amanda,amanda.garcia@school.edu,Garcia,/profiles/amanda_g.jpg,1234567897,2024-01-12 14:20:00,$2y$10$92IXUNpkjO0rOQ5byMi.Ye4oKoEa3Ro9llC/.og/at2.uheWG/igi,teacher_token_003,2,0,cust_teach_003,active,201,teach_remember_003,2024-01-12 10:30:00,2024-06-19 19:30:00
39,James,james.taylor@school.edu,Taylor,/profiles/james_t.jpg,1234567898,2024-01-15 16:45:00,$2y$10$92IXUNpkjO0rOQ5byMi.Ye4oKoEa3Ro9llC/.og/at2.uheWG/igi,teacher_token_004,2,0,cust_teach_004,active,202,teach_remember_004,2024-01-15 12:00:00,2024-06-19 18:15:00
40,Rachel,rachel.white@school.edu,White,/profiles/rachel_w.jpg,1234567899,2024-01-18 13:10:00,$2y$10$92IXUNpkjO0rOQ5byMi.Ye4oKoEa3Ro9llC/.og/at2.uheWG/igi,teacher_token_005,1,1,cust_teach_005,active,103,teach_remember_005,2024-01-18 11:45:00,2024-06-19 17:50:00
41,Jennifer,jennifer.smith@school.edu,Smith,/profiles/jennifer_s.jpg,1234567895,2024-01-08 10:00:00,$2y$10$92IXUNpkjO0rOQ5byMi.Ye4oKoEa3Ro9llC/.og/at2.uheWG/igi,teacher_token_001,1,0,cust_teach_001,active,101,teach_remember_001,2024-01-08 08:00:00,2024-06-19 22:00:00
42,David,david.lee@school.edu,Lee,/profiles/david_l.jpg,1234567896,2024-01-10 11:30:00,$2y$10$92IXUNpkjO0rOQ5byMi.Ye4oKoEa3Ro9llC/.og/at2.uheWG/igi,teacher_token_002,1,1,cust_teach_002,active,102,teach_remember_002,2024-01-10 09:15:00,2024-06-19 20:45:00
43,Amanda,amanda.garcia@school.edu,Garcia,/profiles/amanda_g.jpg,1234567897,2024-01-12 14:20:00,$2y$10$92IXUNpkjO0rOQ5byMi.Ye4oKoEa3Ro9llC/.og/at2.uheWG/igi,teacher_token_003,2,0,cust_teach_003,active,201,teach_remember_003,2024-01-12 10:30:00,2024-06-19 19:30:00
44,James,james.taylor@school.edu,Taylor,/profiles/james_t.jpg,1234567898,2024-01-15 16:45:00,$2y$10$92IXUNpkjO0rOQ5byMi.Ye4oKoEa3Ro9llC/.og/at2.uheWG/igi,teacher_token_004,2,0,cust_teach_004,active,202,teach_remember_004,2024-01-15 12:00:00,2024-06-19 18:15:00
45,Rachel,rachel.white@school.edu,White,/profiles/rachel_w.jpg,1234567899,2024-01-18 13:10:00,$2y$10$92IXUNpkjO0rOQ5byMi.Ye4oKoEa3Ro9llC/.og/at2.uheWG/igi,teacher_token_005,1,1,cust_teach_005,active,103,teach_remember_005,2024-01-18 11:45:00,2024-06-19 17:50:00
46,Jennifer,jennifer.smith@school.edu,Smith,/profiles/jennifer_s.jpg,1234567895,2024-01-08 10:00:00,$2y$10$92IXUNpkjO0rOQ5byMi.Ye4oKoEa3Ro9llC/.og/at2.uheWG/igi,teacher_token_001,1,0,cust_teach_001,active,101,teach_remember_001,2024-01-08 08:00:00,2024-06-19 22:00:00
47,David,david.lee@school.edu,Lee,/profiles/david_l.jpg,1234567896,2024-01-10 11:30:00,$2y$10$92IXUNpkjO0rOQ5byMi.Ye4oKoEa3Ro9llC/.og/at2.uheWG/igi,teacher_token_002,1,1,cust_teach_002,active,102,teach_remember_002,2024-01-10 09:15:00,2024-06-19 20:45:00
48,Amanda,amanda.garcia@school.edu,Garcia,/profiles/amanda_g.jpg,1234567897,2024-01-12 14:20:00,$2y$10$92IXUNpkjO0rOQ5byMi.Ye4oKoEa3Ro9llC/.og/at2.uheWG/igi,teacher_token_003,2,0,cust_teach_003,active,201,teach_remember_003,2024-01-12 10:30:00,2024-06-19 19:30:00
49,James,james.taylor@school.edu,Taylor,/profiles/james_t.jpg,1234567898,2024-01-15 16:45:00,$2y$10$92IXUNpkjO0rOQ5byMi.Ye4oKoEa3Ro9llC/.og/at2.uheWG/igi,teacher_token_004,2,0,cust_teach_004,active,202,teach_remember_004,2024-01-15 12:00:00,2024-06-19 18:15:00
50,Rachel,rachel.white@school.edu,White,/profiles/rachel_w.jpg,1234567899,2024-01-18 13:10:00,$2y$10$92IXUNpkjO0rOQ5byMi.Ye4oKoEa3Ro9llC/.og/at2.uheWG/igi,teacher_token_005,1,1,cust_teach_005,active,103,teach_remember_005,2024-01-18 11:45:00,2024-06-19 17:50:00
51,Jennifer,jennifer.smith@school.edu,Smith,/profiles/jennifer_s.jpg,1234567895,2024-01-08 10:00:00,$2y$10$92IXUNpkjO0rOQ5byMi.Ye4oKoEa3Ro9llC/.og/at2.uheWG/igi,teacher_token_001,1,0,cust_teach_001,active,101,teach_remember_001,2024-01-08 08:00:00,2024-06-19 22:00:00
52,David,david.lee@school.edu,Lee,/profiles/david_l.jpg,1234567896,2024-01-10 11:30:00,$2y$10$92IXUNpkjO0rOQ5byMi.Ye4oKoEa3Ro9llC/.og/at2.uheWG/igi,teacher_token_002,1,1,cust_teach_002,active,102,teach_remember_002,2024-01-10 09:15:00,2024-06-19 20:45:00
53,Amanda,amanda.garcia@school.edu,Garcia,/profiles/amanda_g.jpg,1234567897,2024-01-12 14:20:00,$2y$10$92IXUNpkjO0rOQ5byMi.Ye4oKoEa3Ro9llC/.og/at2.uheWG/igi,teacher_token_003,2,0,cust_teach_003,active,201,teach_remember_003,2024-01-12 10:30:00,2024-06-19 19:30:00
54,James,james.taylor@school.edu,Taylor,/profiles/james_t.jpg,1234567898,2024-01-15 16:45:00,$2y$10$92IXUNpkjO0rOQ5byMi.Ye4oKoEa3Ro9llC/.og/at2.uheWG/igi,teacher_token_004,2,0,cust_teach_004,active,202,teach_remember_004,2024-01-15 12:00:00,2024-06-19 18:15:00
55,Rachel,rachel.white@school.edu,White,/profiles/rachel_w.jpg,1234567899,2024-01-18 13:10:00,$2y$10$92IXUNpkjO0rOQ5byMi.Ye4oKoEa3Ro9llC/.og/at2.uheWG/igi,teacher_token_005,1,1,cust_teach_005,active,103,teach_remember_005,2024-01-18 11:45:00,2024-06-19 17:50:00
56,Jennifer,jennifer.smith@school.edu,Smith,/profiles/jennifer_s.jpg,1234567895,2024-01-08 10:00:00,$2y$10$92IXUNpkjO0rOQ5byMi.Ye4oKoEa3Ro9llC/.og/at2.uheWG/igi,teacher_token_001,1,0,cust_teach_001,active,101,teach_remember_001,2024-01-08 08:00:00,2024-06-19 22:00:00
57,David,david.lee@school.edu,Lee,/profiles/david_l.jpg,1234567896,2024-01-10 11:30:00,$2y$10$92IXUNpkjO0rOQ5byMi.Ye4oKoEa3Ro9llC/.og/at2.uheWG/igi,teacher_token_002,1,1,cust_teach_002,active,102,teach_remember_002,2024-01-10 09:15:00,2024-06-19 20:45:00
58,Amanda,amanda.garcia@school.edu,Garcia,/profiles/amanda_g.jpg,1234567897,2024-01-12 14:20:00,$2y$10$92IXUNpkjO0rOQ5byMi.Ye4oKoEa3Ro9llC/.og/at2.uheWG/igi,teacher_token_003,2,0,cust_teach_003,active,201,teach_remember_003,2024-01-12 10:30:00,2024-06-19 19:30:00
59,James,james.taylor@school.edu,Taylor,/profiles/james_t.jpg,1234567898,2024-01-15 16:45:00,$2y$10$92IXUNpkjO0rOQ5byMi.Ye4oKoEa3Ro9llC/.og/at2.uheWG/igi,teacher_token_004,2,0,cust_teach_004,active,202,teach_remember_004,2024-01-15 12:00:00,2024-06-19 18:15:00
60,Rachel,rachel.white@school.edu,White,/profiles/rachel_w.jpg,1234567899,2024-01-18 13:10:00,$2y$10$92IXUNpkjO0rOQ5byMi.Ye4oKoEa3Ro9llC/.og/at2.uheWG/igi,teacher_token_005,1,1,cust_teach_005,active,103,teach_remember_005,2024-01-18 11:45:00,2024-06-19 17:50:00
61,Jennifer,jennifer.smith@school.edu,Smith,/profiles/jennifer_s.jpg,1234567895,2024-01-08 10:00:00,$2y$10$92IXUNpkjO0rOQ5byMi.Ye4oKoEa3Ro9llC/.og/at2.uheWG/igi,teacher_token_001,1,0,cust_teach_001,active,101,teach_remember_001,2024-01-08 08:00:00,2024-06-19 22:00:00
62,David,david.lee@school.edu,Lee,/profiles/david_l.jpg,1234567896,2024-01-10 11:30:00,$2y$10$92IXUNpkjO0rOQ5byMi.Ye4oKoEa3Ro9llC/.og/at2.uheWG/igi,teacher_token_002,1,1,cust_teach_002,active,102,teach_remember_002,2024-01-10 09:15:00,2024-06-19 20:45:00
63,Amanda,amanda.garcia@school.edu,Garcia,/profiles/amanda_g.jpg,1234567897,2024-01-12 14:20:00,$2y$10$92IXUNpkjO0rOQ5byMi.Ye4oKoEa3Ro9llC/.og/at2.uheWG/igi,teacher_token_003,2,0,cust_teach_003,active,201,teach_remember_003,2024-01-12 10:30:00,2024-06-19 19:30:00
64,James,james.taylor@school.edu,Taylor,/profiles/james_t.jpg,1234567898,2024-01-15 16:45:00,$2y$10$92IXUNpkjO0rOQ5byMi.Ye4oKoEa3Ro9llC/.og/at2.uheWG/igi,teacher_token_004,2,0,cust_teach_004,active,202,teach_remember_004,2024-01-15 12:00:00,2024-06-19 18:15:00
65,Rachel,rachel.white@school.edu,White,/profiles/rachel_w.jpg,1234567899,2024-01-18 13:10:00,$2y$10$92IXUNpkjO0rOQ5byMi.Ye4oKoEa3Ro9llC/.og/at2.uheWG/igi,teacher_token_005,1,1,cust_teach_005,active,103,teach_remember_005,2024-01-18 11:45:00,2024-06-19 17:50:00
66,Jennifer,jennifer.smith@school.edu,Smith,/profiles/jennifer_s.jpg,1234567895,2024-01-08 10:00:00,$2y$10$92IXUNpkjO0rOQ5byMi.Ye4oKoEa3Ro9llC/.og/at2.uheWG/igi,teacher_token_001,1,0,cust_teach_001,active,101,teach_remember_001,2024-01-08 08:00:00,2024-06-19 22:00:00
67,David,david.lee@school.edu,Lee,/profiles/david_l.jpg,1234567896,2024-01-10 11:30:00,$2y$10$92IXUNpkjO0rOQ5byMi.Ye4oKoEa3Ro9llC/.og/at2.uheWG/igi,teacher_token_002,1,1,cust_teach_002,active,102,teach_remember_002,2024-01-10 09:15:00,2024-06-19 20:45:00
68,Amanda,amanda.garcia@school.edu,Garcia,/profiles/amanda_g.jpg,1234567897,2024-01-12 14:20:00,$2y$10$92IXUNpkjO0rOQ5byMi.Ye4oKoEa3Ro9llC/.og/at2.uheWG/igi,teacher_token_003,2,0,cust_teach_003,active,201,teach_remember_003,2024-01-12 10:30:00,2024-06-19 19:30:00
69,James,james.taylor@school.edu,Taylor,/profiles/james_t.jpg,1234567898,2024-01-15 16:45:00,$2y$10$92IXUNpkjO0rOQ5byMi.Ye4oKoEa3Ro9llC/.og/at2.uheWG/igi,teacher_token_004,2,0,cust_teach_004,active,202,teach_remember_004,2024-01-15 12:00:00,2024-06-19 18:15:00
70,Rachel,rachel.white@school.edu,White,/profiles/rachel_w.jpg,1234567899,2024-01-18 13:10:00,$2y$10$92IXUNpkjO0rOQ5byMi.Ye4oKoEa3Ro9llC/.og/at2.uheWG/igi,teacher_token_005,1,1,cust_teach_005,active,103,teach_remember_005,2024-01-18 11:45:00,2024-06-19 17:50:00
71,Jennifer,jennifer.smith@school.edu,Smith,/profiles/jennifer_s.jpg,1234567895,2024-01-08 10:00:00,$2y$10$92IXUNpkjO0rOQ5byMi.Ye4oKoEa3Ro9llC/.og/at2.uheWG/igi,teacher_token_001,1,0,cust_teach_001,active,101,teach_remember_001,2024-01-08 08:00:00,2024-06-19 22:00:00
72,David,david.lee@school.edu,Lee,/profiles/david_l.jpg,1234567896,2024-01-10 11:30:00,$2y$10$92IXUNpkjO0rOQ5byMi.Ye4oKoEa3Ro9llC/.og/at2.uheWG/igi,teacher_token_002,1,1,cust_teach_002,active,102,teach_remember_002,2024-01-10 09:15:00,2024-06-19 20:45:00
73,Amanda,amanda.garcia@school.edu,Garcia,/profiles/amanda_g.jpg,1234567897,2024-01-12 14:20:00,$2y$10$92IXUNpkjO0rOQ5byMi.Ye4oKoEa3Ro9llC/.og/at2.uheWG/igi,teacher_token_003,2,0,cust_teach_003,active,201,teach_remember_003,2024-01-12 10:30:00,2024-06-19 19:30:00
74,James,james.taylor@school.edu,Taylor,/profiles/james_t.jpg,1234567898,2024-01-15 16:45:00,$2y$10$92IXUNpkjO0rOQ5byMi.Ye4oKoEa3Ro9llC/.og/at2.uheWG/igi,teacher_token_004,2,0,cust_teach_004,active,202,teach_remember_004,2024-01-15 12:00:00,2024-06-19 18:15:00
75,Rachel,rachel.white@school.edu,White,/profiles/rachel_w.jpg,1234567899,2024-01-18 13:10:00,$2y$10$92IXUNpkjO0rOQ5byMi.Ye4oKoEa3Ro9llC/.og/at2.uheWG/igi,teacher_token_005,1,1,cust_teach_005,active,103,teach_remember_005,2024-01-18 11:45:00,2024-06-19 17:50:00
76,Jennifer,jennifer.smith@school.edu,Smith,/profiles/jennifer_s.jpg,1234567895,2024-01-08 10:00:00,$2y$10$92IXUNpkjO0rOQ5byMi.Ye4oKoEa3Ro9llC/.og/at2.uheWG/igi,teacher_token_001,1,0,cust_teach_001,active,101,teach_remember_001,2024-01-08 08:00:00,2024-06-19 22:00:00
77,David,david.lee@school.edu,Lee,/profiles/david_l.jpg,1234567896,2024-01-10 11:30:00,$2y$10$92IXUNpkjO0rOQ5byMi.Ye4oKoEa3Ro9llC/.og/at2.uheWG/igi,teacher_token_002,1,1,cust_teach_002,active,102,teach_remember_002,2024-01-10 09:15:00,2024-06-19 20:45:00
78,Amanda,amanda.garcia@school.edu,Garcia,/profiles/amanda_g.jpg,1234567897,2024-01-12 14:20:00,$2y$10$92IXUNpkjO0rOQ5byMi.Ye4oKoEa3Ro9llC/.og/at2.uheWG/igi,teacher_token_003,2,0,cust_teach_003,active,201,teach_remember_003,2024-01-12 10:30:00,2024-06-19 19:30:00
79,James,james.taylor@school.edu,Taylor,/profiles/james_t.jpg,1234567898,2024-01-15 16:45:00,$2y$10$92IXUNpkjO0rOQ5byMi.Ye4oKoEa3Ro9llC/.og/at2.uheWG/igi,teacher_token_004,2,0,cust_teach_004,active,202,teach_remember_004,2024-01-15 12:00:00,2024-06-19 18:15:00
80,Rachel,rachel.white@school.edu,White,/profiles/rachel_w.jpg,1234567899,2024-01-18 13:10:00,$2y$10$92IXUNpkjO0rOQ5byMi.Ye4oKoEa3Ro9llC/.og/at2.uheWG/igi,teacher_token_005,1,1,cust_teach_005,active,103,teach_remember_005,2024-01-18 11:45:00,2024-06-19 17:50:00
81,Jennifer,jennifer.smith@school.edu,Smith,/profiles/jennifer_s.jpg,1234567895,2024-01-08 10:00:00,$2y$10$92IXUNpkjO0rOQ5byMi.Ye4oKoEa3Ro9llC/.og/at2.uheWG/igi,teacher_token_001,1,0,cust_teach_001,active,101,teach_remember_001,2024-01-08 08:00:00,2024-06-19 22:00:00
82,David,david.lee@school.edu,Lee,/profiles/david_l.jpg,1234567896,2024-01-10 11:30:00,$2y$10$92IXUNpkjO0rOQ5byMi.Ye4oKoEa3Ro9llC/.og/at2.uheWG/igi,teacher_token_002,1,1,cust_teach_002,active,102,teach_remember_002,2024-01-10 09:15:00,2024-06-19 20:45:00
83,Amanda,amanda.garcia@school.edu,Garcia,/profiles/amanda_g.jpg,1234567897,2024-01-12 14:20:00,$2y$10$92IXUNpkjO0rOQ5byMi.Ye4oKoEa3Ro9llC/.og/at2.uheWG/igi,teacher_token_003,2,0,cust_teach_003,active,201,teach_remember_003,2024-01-12 10:30:00,2024-06-19 19:30:00
84,James,james.taylor@school.edu,Taylor,/profiles/james_t.jpg,1234567898,2024-01-15 16:45:00,$2y$10$92IXUNpkjO0rOQ5byMi.Ye4oKoEa3Ro9llC/.og/at2.uheWG/igi,teacher_token_004,2,0,cust_teach_004,active,202,teach_remember_004,2024-01-15 12:00:00,2024-06-19 18:15:00
85,Rachel,rachel.white@school.edu,White,/profiles/rachel_w.jpg,1234567899,2024-01-18 13:10:00,$2y$10$92IXUNpkjO0rOQ5byMi.Ye4oKoEa3Ro9llC/.og/at2.uheWG/igi,teacher_token_005,1,1,cust_teach_005,active,103,teach_remember_005,2024-01-18 11:45:00,2024-06-19 17:50:00
86,Jennifer,jennifer.smith@school.edu,Smith,/profiles/jennifer_s.jpg,1234567895,2024-01-08 10:00:00,$2y$10$92IXUNpkjO0rOQ5byMi.Ye4oKoEa3Ro9llC/.og/at2.uheWG/igi,teacher_token_001,1,0,cust_teach_001,active,101,teach_remember_001,2024-01-08 08:00:00,2024-06-19 22:00:00
87,David,david.lee@school.edu,Lee,/profiles/david_l.jpg,1234567896,2024-01-10 11:30:00,$2y$10$92IXUNpkjO0rOQ5byMi.Ye4oKoEa3Ro9llC/.og/at2.uheWG/igi,teacher_token_002,1,1,cust_teach_002,active,102,teach_remember_002,2024-01-10 09:15:00,2024-06-19 20:45:00
88,Amanda,amanda.garcia@school.edu,Garcia,/profiles/amanda_g.jpg,1234567897,2024-01-12 14:20:00,$2y$10$92IXUNpkjO0rOQ5byMi.Ye4oKoEa3Ro9llC/.og/at2.uheWG/igi,teacher_token_003,2,0,cust_teach_003,active,201,teach_remember_003,2024-01-12 10:30:00,2024-06-19 19:30:00
89,James,james.taylor@school.edu,Taylor,/profiles/james_t.jpg,1234567898,2024-01-15 16:45:00,$2y$10$92IXUNpkjO0rOQ5byMi.Ye4oKoEa3Ro9llC/.og/at2.uheWG/igi,teacher_token_004,2,0,cust_teach_004,active,202,teach_remember_004,2024-01-15 12:00:00,2024-06-19 18:15:00
90,Rachel,rachel.white@school.edu,White,/profiles/rachel_w.jpg,1234567899,2024-01-18 13:10:00,$2y$10$92IXUNpkjO0rOQ5byMi.Ye4oKoEa3Ro9llC/.og/at2.uheWG/igi,teacher_token_005,1,1,cust_teach_005,active,103,teach_remember_005,2024-01-18 11:45:00,2024-06-19 17:50:00
91,Jennifer,jennifer.smith@school.edu,Smith,/profiles/jennifer_s.jpg,1234567895,2024-01-08 10:00:00,$2y$10$92IXUNpkjO0rOQ5byMi.Ye4oKoEa3Ro9llC/.og/at2.uheWG/igi,teacher_token_001,1,0,cust_teach_001,active,101,teach_remember_001,2024-01-08 08:00:00,2024-06-19 22:00:00
92,David,david.lee@school.edu,Lee,/profiles/david_l.jpg,1234567896,2024-01-10 11:30:00,$2y$10$92IXUNpkjO0rOQ5byMi.Ye4oKoEa3Ro9llC/.og/at2.uheWG/igi,teacher_token_002,1,1,cust_teach_002,active,102,teach_remember_002,2024-01-10 09:15:00,2024-06-19 20:45:00
93,Amanda,amanda.garcia@school.edu,Garcia,/profiles/amanda_g.jpg,1234567897,2024-01-12 14:20:00,$2y$10$92IXUNpkjO0rOQ5byMi.Ye4oKoEa3Ro9llC/.og/at2.uheWG/igi,teacher_token_003,2,0,cust_teach_003,active,201,teach_remember_003,2024-01-12 10:30:00,2024-06-19 19:30:00
94,James,james.taylor@school.edu,Taylor,/profiles/james_t.jpg,1234567898,2024-01-15 16:45:00,$2y$10$92IXUNpkjO0rOQ5byMi.Ye4oKoEa3Ro9llC/.og/at2.uheWG/igi,teacher_token_004,2,0,cust_teach_004,active,202,teach_remember_004,2024-01-15 12:00:00,2024-06-19 18:15:00
95,Rachel,rachel.white@school.edu,White,/profiles/rachel_w.jpg,1234567899,2024-01-18 13:10:00,$2y$10$92IXUNpkjO0rOQ5byMi.Ye4oKoEa3Ro9llC/.og/at2.uheWG/igi,teacher_token_005,1,1,cust_teach_005,active,103,teach_remember_005,2024-01-18 11:45:00,2024-06-19 17:50:00
96,Jennifer,jennifer.smith@school.edu,Smith,/profiles/jennifer_s.jpg,1234567895,2024-01-08 10:00:00,$2y$10$92IXUNpkjO0rOQ5byMi.Ye4oKoEa3Ro9llC/.og/at2.uheWG/igi,teacher_token_001,1,0,cust_teach_001,active,101,teach_remember_001,2024-01-08 08:00:00,2024-06-19 22:00:00
97,David,david.lee@school.edu,Lee,/profiles/david_l.jpg,1234567896,2024-01-10 11:30:00,$2y$10$92IXUNpkjO0rOQ5byMi.Ye4oKoEa3Ro9llC/.og/at2.uheWG/igi,teacher_token_002,1,1,cust_teach_002,active,102,teach_remember_002,2024-01-10 09:15:00,2024-06-19 20:45:00
98,Amanda,amanda.garcia@school.edu,Garcia,/profiles/amanda_g.jpg,1234567897,2024-01-12 14:20:00,$2y$10$92IXUNpkjO0rOQ5byMi.Ye4oKoEa3Ro9llC/.og/at2.uheWG/igi,teacher_token_003,2,0,cust_teach_003,active,201,teach_remember_003,2024-01-12 10:30:00,2024-06-19 19:30:00
99,James,james.taylor@school.edu,Taylor,/profiles/james_t.jpg,1234567898,2024-01-15 16:45:00,$2y$10$92IXUNpkjO0rOQ5byMi.Ye4oKoEa3Ro9llC/.og/at2.uheWG/igi,teacher_token_004,2,0,cust_teach_004,active,202,teach_remember_004,2024-01-15 12:00:00,2024-06-19 18:15:00
100,Rachel,rachel.white@school.edu,White,/profiles/rachel_w.jpg,1234567899,2024-01-18 13:10:00,$2y$10$92IXUNpkjO0rOQ5byMi.Ye4oKoEa3Ro9llC/.og/at2.uheWG/igi,teacher_token_005,1,1,cust_teach_005,active,103,teach_remember_005,2024-01-18 11:45:00,2024-06-19 17:50:00
