id,user_type,type,userid,amount,plan_id,account,school_id,child,account_type,tnx_id,new_account,classroom,coupon,student,payment_date,expired,status,method,created_at
1,student,reward,1,19.65,,STU001,1,1,chequing,TXN_STU_0001,0,101,,1,2024-01-02,0,completed,wallet,2024-01-02 00:00:00
2,student,reward,2,9.64,,STU002,1,2,chequing,TXN_STU_0002,0,101,,2,2024-01-03,0,completed,wallet,2024-01-03 00:00:00
3,student,purchase,2,14.75,,STU002,1,2,chequing,TXN_STU_0003,0,101,,2,2024-01-08,0,completed,reward,2024-01-08 00:00:00
4,student,purchase,2,15.67,,STU002,1,2,chequing,TXN_STU_0004,0,101,,2,2024-01-09,0,completed,wallet,2024-01-09 00:00:00
5,student,reward,3,16.69,,STU003,1,3,chequing,TXN_STU_0005,0,102,,3,2024-01-11,0,completed,reward,2024-01-11 00:00:00
6,student,purchase,3,6.34,,STU003,1,3,chequing,TXN_STU_0006,0,102,,3,2024-01-13,0,completed,reward,2024-01-13 00:00:00
7,student,purchase,3,7.71,,STU003,1,3,chequing,TXN_STU_0007,0,102,,3,2024-01-15,0,completed,wallet,2024-01-15 00:00:00
8,student,reward,4,18.76,,STU004,2,4,chequing,TXN_STU_0008,0,201,,4,2024-01-17,0,completed,wallet,2024-01-17 00:00:00
9,student,reward,4,15.9,,STU004,2,4,chequing,TXN_STU_0009,0,201,,4,2024-01-19,0,completed,reward,2024-01-19 00:00:00
10,student,purchase,4,13.93,,STU004,2,4,chequing,TXN_STU_0010,0,201,,4,2024-01-24,0,completed,reward,2024-01-24 00:00:00
11,student,reward,5,9.38,,STU005,2,5,chequing,TXN_STU_0011,0,201,,5,2024-01-29,0,completed,reward,2024-01-29 00:00:00
12,student,reward,6,19.33,,STU001,1,6,chequing,TXN_STU_0012,0,101,,6,2024-02-01,0,completed,reward,2024-02-01 00:00:00
13,student,purchase,6,11.48,,STU001,1,6,chequing,TXN_STU_0013,0,101,,6,2024-02-05,0,completed,reward,2024-02-05 00:00:00
14,student,reward,6,5.75,,STU001,1,6,chequing,TXN_STU_0014,0,101,,6,2024-02-09,0,completed,wallet,2024-02-09 00:00:00
15,student,purchase,7,11.19,,STU002,1,7,chequing,TXN_STU_0015,0,101,,7,2024-02-12,0,completed,wallet,2024-02-12 00:00:00
16,student,purchase,8,19.79,,STU003,1,8,chequing,TXN_STU_0016,0,102,,8,2024-02-16,0,completed,wallet,2024-02-16 00:00:00
17,student,reward,8,11.93,,STU003,1,8,chequing,TXN_STU_0017,0,102,,8,2024-02-19,0,completed,wallet,2024-02-19 00:00:00
18,student,reward,8,9.49,,STU003,1,8,chequing,TXN_STU_0018,0,102,,8,2024-02-22,0,completed,reward,2024-02-22 00:00:00
19,student,reward,9,10.83,,STU004,2,9,chequing,TXN_STU_0019,0,201,,9,2024-02-23,0,completed,reward,2024-02-23 00:00:00
20,student,purchase,9,14.1,,STU004,2,9,chequing,TXN_STU_0020,0,201,,9,2024-02-25,0,completed,wallet,2024-02-25 00:00:00
21,student,reward,9,10.51,,STU004,2,9,chequing,TXN_STU_0021,0,201,,9,2024-02-28,0,completed,wallet,2024-02-28 00:00:00
22,student,reward,10,14.73,,STU005,2,10,chequing,TXN_STU_0022,0,201,,10,2024-03-03,0,completed,wallet,2024-03-03 00:00:00
23,student,purchase,10,7.28,,STU005,2,10,chequing,TXN_STU_0023,0,201,,10,2024-03-07,0,completed,reward,2024-03-07 00:00:00
24,student,purchase,10,18.4,,STU005,2,10,chequing,TXN_STU_0024,0,201,,10,2024-03-10,0,completed,wallet,2024-03-10 00:00:00
25,student,reward,11,14.6,,STU001,1,11,chequing,TXN_STU_0025,0,101,,11,2024-03-11,0,completed,wallet,2024-03-11 00:00:00
26,student,purchase,11,17.54,,STU001,1,11,chequing,TXN_STU_0026,0,101,,11,2024-03-15,0,completed,reward,2024-03-15 00:00:00
27,student,purchase,11,8.75,,STU001,1,11,chequing,TXN_STU_0027,0,101,,11,2024-03-17,0,completed,wallet,2024-03-17 00:00:00
28,student,reward,12,11.04,,STU002,1,12,chequing,TXN_STU_0028,0,101,,12,2024-03-20,0,completed,wallet,2024-03-20 00:00:00
29,student,purchase,12,5.58,,STU002,1,12,chequing,TXN_STU_0029,0,101,,12,2024-03-21,0,completed,wallet,2024-03-21 00:00:00
30,student,reward,13,8.02,,STU003,1,13,chequing,TXN_STU_0030,0,102,,13,2024-03-25,0,completed,wallet,2024-03-25 00:00:00
31,student,reward,14,12.67,,STU004,2,14,chequing,TXN_STU_0031,0,201,,14,2024-03-29,0,completed,reward,2024-03-29 00:00:00
32,student,reward,14,5.61,,STU004,2,14,chequing,TXN_STU_0032,0,201,,14,2024-04-02,0,completed,wallet,2024-04-02 00:00:00
33,student,reward,14,6.24,,STU004,2,14,chequing,TXN_STU_0033,0,201,,14,2024-04-04,0,completed,wallet,2024-04-04 00:00:00
34,student,purchase,15,14.13,,STU005,2,15,chequing,TXN_STU_0034,0,201,,15,2024-04-05,0,completed,reward,2024-04-05 00:00:00
35,student,purchase,15,7.22,,STU005,2,15,chequing,TXN_STU_0035,0,201,,15,2024-04-10,0,completed,reward,2024-04-10 00:00:00
36,student,purchase,16,14.57,,STU001,1,16,chequing,TXN_STU_0036,0,101,,16,2024-04-15,0,completed,reward,2024-04-15 00:00:00
37,student,reward,17,12.3,,STU002,1,17,chequing,TXN_STU_0037,0,101,,17,2024-04-19,0,completed,wallet,2024-04-19 00:00:00
38,student,reward,17,17.12,,STU002,1,17,chequing,TXN_STU_0038,0,101,,17,2024-04-21,0,completed,wallet,2024-04-21 00:00:00
39,student,purchase,18,15.25,,STU003,1,18,chequing,TXN_STU_0039,0,102,,18,2024-04-23,0,completed,wallet,2024-04-23 00:00:00
40,student,reward,19,14.15,,STU004,2,19,chequing,TXN_STU_0040,0,201,,19,2024-04-24,0,completed,wallet,2024-04-24 00:00:00
41,student,purchase,20,17.85,,STU005,2,20,chequing,TXN_STU_0041,0,201,,20,2024-04-27,0,completed,wallet,2024-04-27 00:00:00
42,student,reward,21,18.87,,STU001,1,21,chequing,TXN_STU_0042,0,101,,21,2024-05-02,0,completed,wallet,2024-05-02 00:00:00
43,student,reward,21,14.01,,STU001,1,21,chequing,TXN_STU_0043,0,101,,21,2024-05-06,0,completed,wallet,2024-05-06 00:00:00
44,student,reward,22,13.53,,STU002,1,22,chequing,TXN_STU_0044,0,101,,22,2024-05-10,0,completed,wallet,2024-05-10 00:00:00
45,student,purchase,22,17.2,,STU002,1,22,chequing,TXN_STU_0045,0,101,,22,2024-05-12,0,completed,reward,2024-05-12 00:00:00
46,student,reward,23,18.77,,STU003,1,23,chequing,TXN_STU_0046,0,102,,23,2024-05-17,0,completed,wallet,2024-05-17 00:00:00
47,student,reward,23,12.37,,STU003,1,23,chequing,TXN_STU_0047,0,102,,23,2024-05-19,0,completed,wallet,2024-05-19 00:00:00
48,student,purchase,23,19.91,,STU003,1,23,chequing,TXN_STU_0048,0,102,,23,2024-05-20,0,completed,reward,2024-05-20 00:00:00
49,student,reward,24,17.53,,STU004,2,24,chequing,TXN_STU_0049,0,201,,24,2024-05-21,0,completed,wallet,2024-05-21 00:00:00
50,student,purchase,24,17.7,,STU004,2,24,chequing,TXN_STU_0050,0,201,,24,2024-05-23,0,completed,reward,2024-05-23 00:00:00
51,student,reward,25,13.43,,STU005,2,25,chequing,TXN_STU_0051,0,201,,25,2024-05-28,0,completed,reward,2024-05-28 00:00:00
52,student,reward,26,6.98,,STU001,1,26,chequing,TXN_STU_0052,0,101,,26,2024-06-02,0,completed,reward,2024-06-02 00:00:00
53,student,purchase,27,19.54,,STU002,1,27,chequing,TXN_STU_0053,0,101,,27,2024-06-04,0,completed,reward,2024-06-04 00:00:00
54,student,purchase,27,18.36,,STU002,1,27,chequing,TXN_STU_0054,0,101,,27,2024-06-08,0,completed,wallet,2024-06-08 00:00:00
55,student,reward,28,19.91,,STU003,1,28,chequing,TXN_STU_0055,0,102,,28,2024-06-10,0,completed,reward,2024-06-10 00:00:00
56,student,reward,28,9.53,,STU003,1,28,chequing,TXN_STU_0056,0,102,,28,2024-06-12,0,completed,wallet,2024-06-12 00:00:00
57,student,reward,28,5.26,,STU003,1,28,chequing,TXN_STU_0057,0,102,,28,2024-06-17,0,completed,wallet,2024-06-17 00:00:00
58,student,purchase,29,12.51,,STU004,2,29,chequing,TXN_STU_0058,0,201,,29,2024-06-18,0,completed,wallet,2024-06-18 00:00:00
59,student,reward,30,14.02,,STU005,2,30,chequing,TXN_STU_0059,0,201,,30,2024-06-21,0,completed,wallet,2024-06-21 00:00:00
60,student,reward,30,7.8,,STU005,2,30,chequing,TXN_STU_0060,0,201,,30,2024-06-22,0,completed,wallet,2024-06-22 00:00:00
61,student,purchase,31,11.59,,STU001,1,31,chequing,TXN_STU_0061,0,101,,31,2024-06-26,0,completed,wallet,2024-06-26 00:00:00
62,student,purchase,31,11.56,,STU001,1,31,chequing,TXN_STU_0062,0,101,,31,2024-06-28,0,completed,wallet,2024-06-28 00:00:00
63,student,purchase,32,10.94,,STU002,1,32,chequing,TXN_STU_0063,0,101,,32,2024-07-02,0,completed,wallet,2024-07-02 00:00:00
64,student,reward,33,10.91,,STU003,1,33,chequing,TXN_STU_0064,0,102,,33,2024-07-04,0,completed,wallet,2024-07-04 00:00:00
65,student,purchase,33,6.9,,STU003,1,33,chequing,TXN_STU_0065,0,102,,33,2024-07-09,0,completed,wallet,2024-07-09 00:00:00
66,student,reward,34,10.73,,STU004,2,34,chequing,TXN_STU_0066,0,201,,34,2024-07-11,0,completed,reward,2024-07-11 00:00:00
67,student,purchase,34,16.85,,STU004,2,34,chequing,TXN_STU_0067,0,201,,34,2024-07-14,0,completed,wallet,2024-07-14 00:00:00
68,student,purchase,34,11.71,,STU004,2,34,chequing,TXN_STU_0068,0,201,,34,2024-07-16,0,completed,wallet,2024-07-16 00:00:00
69,student,purchase,35,6.2,,STU005,2,35,chequing,TXN_STU_0069,0,201,,35,2024-07-19,0,completed,wallet,2024-07-19 00:00:00
70,student,reward,35,14.21,,STU005,2,35,chequing,TXN_STU_0070,0,201,,35,2024-07-22,0,completed,wallet,2024-07-22 00:00:00
71,student,purchase,35,14.74,,STU005,2,35,chequing,TXN_STU_0071,0,201,,35,2024-07-26,0,completed,reward,2024-07-26 00:00:00
72,student,reward,36,13.71,,STU001,1,36,chequing,TXN_STU_0072,0,101,,36,2024-07-27,0,completed,wallet,2024-07-27 00:00:00
73,student,reward,36,9.31,,STU001,1,36,chequing,TXN_STU_0073,0,101,,36,2024-07-30,0,completed,reward,2024-07-30 00:00:00
74,student,reward,36,9.32,,STU001,1,36,chequing,TXN_STU_0074,0,101,,36,2024-08-02,0,completed,reward,2024-08-02 00:00:00
75,student,reward,37,5.54,,STU002,1,37,chequing,TXN_STU_0075,0,101,,37,2024-08-06,0,completed,reward,2024-08-06 00:00:00
76,student,reward,37,13.63,,STU002,1,37,chequing,TXN_STU_0076,0,101,,37,2024-08-10,0,completed,reward,2024-08-10 00:00:00
77,student,purchase,37,9.55,,STU002,1,37,chequing,TXN_STU_0077,0,101,,37,2024-08-15,0,completed,wallet,2024-08-15 00:00:00
78,student,purchase,38,15.2,,STU003,1,38,chequing,TXN_STU_0078,0,102,,38,2024-08-20,0,completed,reward,2024-08-20 00:00:00
79,student,reward,38,19.94,,STU003,1,38,chequing,TXN_STU_0079,0,102,,38,2024-08-23,0,completed,reward,2024-08-23 00:00:00
80,student,purchase,39,12.4,,STU004,2,39,chequing,TXN_STU_0080,0,201,,39,2024-08-26,0,completed,wallet,2024-08-26 00:00:00
81,student,purchase,40,6.51,,STU005,2,40,chequing,TXN_STU_0081,0,201,,40,2024-08-30,0,completed,wallet,2024-08-30 00:00:00
82,student,reward,41,7.91,,STU001,1,41,chequing,TXN_STU_0082,0,101,,41,2024-08-31,0,completed,wallet,2024-08-31 00:00:00
83,student,reward,41,11.24,,STU001,1,41,chequing,TXN_STU_0083,0,101,,41,2024-09-01,0,completed,wallet,2024-09-01 00:00:00
84,student,purchase,41,7.66,,STU001,1,41,chequing,TXN_STU_0084,0,101,,41,2024-09-05,0,completed,reward,2024-09-05 00:00:00
85,student,reward,42,6.66,,STU002,1,42,chequing,TXN_STU_0085,0,101,,42,2024-09-06,0,completed,wallet,2024-09-06 00:00:00
86,student,reward,42,11.49,,STU002,1,42,chequing,TXN_STU_0086,0,101,,42,2024-09-11,0,completed,wallet,2024-09-11 00:00:00
87,student,purchase,42,14.25,,STU002,1,42,chequing,TXN_STU_0087,0,101,,42,2024-09-16,0,completed,wallet,2024-09-16 00:00:00
88,student,reward,43,8.09,,STU003,1,43,chequing,TXN_STU_0088,0,102,,43,2024-09-17,0,completed,reward,2024-09-17 00:00:00
89,student,reward,43,16.05,,STU003,1,43,chequing,TXN_STU_0089,0,102,,43,2024-09-20,0,completed,reward,2024-09-20 00:00:00
90,student,reward,44,16.11,,STU004,2,44,chequing,TXN_STU_0090,0,201,,44,2024-09-25,0,completed,wallet,2024-09-25 00:00:00
91,student,reward,44,11.6,,STU004,2,44,chequing,TXN_STU_0091,0,201,,44,2024-09-30,0,completed,reward,2024-09-30 00:00:00
92,student,purchase,44,17.81,,STU004,2,44,chequing,TXN_STU_0092,0,201,,44,2024-10-04,0,completed,reward,2024-10-04 00:00:00
93,student,purchase,45,16.61,,STU005,2,45,chequing,TXN_STU_0093,0,201,,45,2024-10-08,0,completed,reward,2024-10-08 00:00:00
94,student,purchase,46,6.63,,STU001,1,46,chequing,TXN_STU_0094,0,101,,46,2024-10-13,0,completed,wallet,2024-10-13 00:00:00
95,student,reward,46,11.49,,STU001,1,46,chequing,TXN_STU_0095,0,101,,46,2024-10-18,0,completed,wallet,2024-10-18 00:00:00
96,student,purchase,46,15.92,,STU001,1,46,chequing,TXN_STU_0096,0,101,,46,2024-10-20,0,completed,reward,2024-10-20 00:00:00
97,student,purchase,47,8.62,,STU002,1,47,chequing,TXN_STU_0097,0,101,,47,2024-10-21,0,completed,reward,2024-10-21 00:00:00
98,student,reward,47,6.53,,STU002,1,47,chequing,TXN_STU_0098,0,101,,47,2024-10-23,0,completed,wallet,2024-10-23 00:00:00
99,student,reward,47,13.27,,STU002,1,47,chequing,TXN_STU_0099,0,101,,47,2024-10-26,0,completed,reward,2024-10-26 00:00:00
100,student,purchase,48,18.62,,STU003,1,48,chequing,TXN_STU_0100,0,102,,48,2024-10-31,0,completed,wallet,2024-10-31 00:00:00
101,student,reward,49,14.57,,STU004,2,49,chequing,TXN_STU_0101,0,201,,49,2024-11-03,0,completed,reward,2024-11-03 00:00:00
102,student,purchase,50,18.2,,STU005,2,50,chequing,TXN_STU_0102,0,201,,50,2024-11-04,0,completed,wallet,2024-11-04 00:00:00
103,student,reward,50,9.0,,STU005,2,50,chequing,TXN_STU_0103,0,201,,50,2024-11-07,0,completed,reward,2024-11-07 00:00:00
104,student,reward,51,12.14,,STU001,1,51,chequing,TXN_STU_0104,0,101,,51,2024-11-10,0,completed,wallet,2024-11-10 00:00:00
105,student,purchase,51,5.37,,STU001,1,51,chequing,TXN_STU_0105,0,101,,51,2024-11-11,0,completed,reward,2024-11-11 00:00:00
106,student,reward,51,5.85,,STU001,1,51,chequing,TXN_STU_0106,0,101,,51,2024-11-13,0,completed,reward,2024-11-13 00:00:00
107,student,purchase,52,17.1,,STU002,1,52,chequing,TXN_STU_0107,0,101,,52,2024-11-16,0,completed,wallet,2024-11-16 00:00:00
108,student,reward,53,7.52,,STU003,1,53,chequing,TXN_STU_0108,0,102,,53,2024-11-17,0,completed,reward,2024-11-17 00:00:00
109,student,purchase,53,13.67,,STU003,1,53,chequing,TXN_STU_0109,0,102,,53,2024-11-22,0,completed,reward,2024-11-22 00:00:00
110,student,purchase,53,13.28,,STU003,1,53,chequing,TXN_STU_0110,0,102,,53,2024-11-24,0,completed,wallet,2024-11-24 00:00:00
111,student,reward,54,18.51,,STU004,2,54,chequing,TXN_STU_0111,0,201,,54,2024-11-29,0,completed,reward,2024-11-29 00:00:00
112,student,purchase,54,9.03,,STU004,2,54,chequing,TXN_STU_0112,0,201,,54,2024-12-04,0,completed,reward,2024-12-04 00:00:00
113,student,reward,55,17.76,,STU005,2,55,chequing,TXN_STU_0113,0,201,,55,2024-12-06,0,completed,wallet,2024-12-06 00:00:00
114,student,reward,55,5.16,,STU005,2,55,chequing,TXN_STU_0114,0,201,,55,2024-12-10,0,completed,wallet,2024-12-10 00:00:00
115,student,purchase,55,19.77,,STU005,2,55,chequing,TXN_STU_0115,0,201,,55,2024-12-14,0,completed,wallet,2024-12-14 00:00:00
116,student,reward,56,16.82,,STU001,1,56,chequing,TXN_STU_0116,0,101,,56,2024-12-17,0,completed,reward,2024-12-17 00:00:00
117,student,reward,56,10.07,,STU001,1,56,chequing,TXN_STU_0117,0,101,,56,2024-12-19,0,completed,reward,2024-12-19 00:00:00
118,student,purchase,56,17.73,,STU001,1,56,chequing,TXN_STU_0118,0,101,,56,2024-12-21,0,completed,reward,2024-12-21 00:00:00
119,student,purchase,57,11.97,,STU002,1,57,chequing,TXN_STU_0119,0,101,,57,2024-12-22,0,completed,wallet,2024-12-22 00:00:00
120,student,purchase,57,9.3,,STU002,1,57,chequing,TXN_STU_0120,0,101,,57,2024-12-24,0,completed,wallet,2024-12-24 00:00:00
121,student,reward,57,19.66,,STU002,1,57,chequing,TXN_STU_0121,0,101,,57,2024-12-29,0,completed,wallet,2024-12-29 00:00:00
122,student,purchase,58,10.57,,STU003,1,58,chequing,TXN_STU_0122,0,102,,58,2024-12-31,0,completed,wallet,2024-12-31 00:00:00
123,student,purchase,59,15.54,,STU004,2,59,chequing,TXN_STU_0123,0,201,,59,2025-01-05,0,completed,reward,2025-01-05 00:00:00
124,student,purchase,59,10.26,,STU004,2,59,chequing,TXN_STU_0124,0,201,,59,2025-01-10,0,completed,wallet,2025-01-10 00:00:00
125,student,reward,59,17.24,,STU004,2,59,chequing,TXN_STU_0125,0,201,,59,2025-01-12,0,completed,wallet,2025-01-12 00:00:00
126,student,reward,60,18.45,,STU005,2,60,chequing,TXN_STU_0126,0,201,,60,2025-01-16,0,completed,wallet,2025-01-16 00:00:00
127,student,reward,60,5.13,,STU005,2,60,chequing,TXN_STU_0127,0,201,,60,2025-01-19,0,completed,reward,2025-01-19 00:00:00
128,student,purchase,60,15.17,,STU005,2,60,chequing,TXN_STU_0128,0,201,,60,2025-01-24,0,completed,wallet,2025-01-24 00:00:00
129,student,reward,61,14.85,,STU001,1,61,chequing,TXN_STU_0129,0,101,,61,2025-01-26,0,completed,reward,2025-01-26 00:00:00
130,student,reward,62,8.17,,STU002,1,62,chequing,TXN_STU_0130,0,101,,62,2025-01-31,0,completed,wallet,2025-01-31 00:00:00
131,student,purchase,63,12.68,,STU003,1,63,chequing,TXN_STU_0131,0,102,,63,2025-02-01,0,completed,wallet,2025-02-01 00:00:00
132,student,purchase,63,15.07,,STU003,1,63,chequing,TXN_STU_0132,0,102,,63,2025-02-04,0,completed,reward,2025-02-04 00:00:00
133,student,reward,64,18.2,,STU004,2,64,chequing,TXN_STU_0133,0,201,,64,2025-02-05,0,completed,reward,2025-02-05 00:00:00
134,student,reward,64,8.12,,STU004,2,64,chequing,TXN_STU_0134,0,201,,64,2025-02-09,0,completed,wallet,2025-02-09 00:00:00
135,student,purchase,64,5.86,,STU004,2,64,chequing,TXN_STU_0135,0,201,,64,2025-02-11,0,completed,wallet,2025-02-11 00:00:00
136,student,reward,65,19.39,,STU005,2,65,chequing,TXN_STU_0136,0,201,,65,2025-02-15,0,completed,reward,2025-02-15 00:00:00
137,student,purchase,65,6.5,,STU005,2,65,chequing,TXN_STU_0137,0,201,,65,2025-02-20,0,completed,wallet,2025-02-20 00:00:00
138,student,purchase,65,12.18,,STU005,2,65,chequing,TXN_STU_0138,0,201,,65,2025-02-21,0,completed,reward,2025-02-21 00:00:00
139,student,reward,66,5.5,,STU001,1,66,chequing,TXN_STU_0139,0,101,,66,2025-02-25,0,completed,reward,2025-02-25 00:00:00
140,student,reward,66,8.77,,STU001,1,66,chequing,TXN_STU_0140,0,101,,66,2025-02-28,0,completed,wallet,2025-02-28 00:00:00
141,student,reward,66,14.75,,STU001,1,66,chequing,TXN_STU_0141,0,101,,66,2025-03-01,0,completed,wallet,2025-03-01 00:00:00
142,student,reward,67,15.49,,STU002,1,67,chequing,TXN_STU_0142,0,101,,67,2025-03-05,0,completed,reward,2025-03-05 00:00:00
143,student,reward,67,5.68,,STU002,1,67,chequing,TXN_STU_0143,0,101,,67,2025-03-09,0,completed,reward,2025-03-09 00:00:00
144,student,reward,68,6.26,,STU003,1,68,chequing,TXN_STU_0144,0,102,,68,2025-03-10,0,completed,reward,2025-03-10 00:00:00
145,student,reward,68,8.67,,STU003,1,68,chequing,TXN_STU_0145,0,102,,68,2025-03-15,0,completed,wallet,2025-03-15 00:00:00
146,student,purchase,69,15.57,,STU004,2,69,chequing,TXN_STU_0146,0,201,,69,2025-03-18,0,completed,reward,2025-03-18 00:00:00
147,student,purchase,70,18.96,,STU005,2,70,chequing,TXN_STU_0147,0,201,,70,2025-03-21,0,completed,reward,2025-03-21 00:00:00
148,student,reward,70,15.13,,STU005,2,70,chequing,TXN_STU_0148,0,201,,70,2025-03-26,0,completed,reward,2025-03-26 00:00:00
149,student,purchase,71,15.16,,STU001,1,71,chequing,TXN_STU_0149,0,101,,71,2025-03-27,0,completed,wallet,2025-03-27 00:00:00
150,student,purchase,72,13.28,,STU002,1,72,chequing,TXN_STU_0150,0,101,,72,2025-03-29,0,completed,reward,2025-03-29 00:00:00
151,student,reward,72,17.95,,STU002,1,72,chequing,TXN_STU_0151,0,101,,72,2025-04-01,0,completed,wallet,2025-04-01 00:00:00
152,student,purchase,72,9.83,,STU002,1,72,chequing,TXN_STU_0152,0,101,,72,2025-04-06,0,completed,reward,2025-04-06 00:00:00
153,student,purchase,73,8.25,,STU003,1,73,chequing,TXN_STU_0153,0,102,,73,2025-04-11,0,completed,wallet,2025-04-11 00:00:00
154,student,purchase,73,6.24,,STU003,1,73,chequing,TXN_STU_0154,0,102,,73,2025-04-12,0,completed,wallet,2025-04-12 00:00:00
155,student,purchase,74,10.59,,STU004,2,74,chequing,TXN_STU_0155,0,201,,74,2025-04-17,0,completed,wallet,2025-04-17 00:00:00
156,student,purchase,75,13.88,,STU005,2,75,chequing,TXN_STU_0156,0,201,,75,2025-04-19,0,completed,reward,2025-04-19 00:00:00
157,student,purchase,75,12.99,,STU005,2,75,chequing,TXN_STU_0157,0,201,,75,2025-04-22,0,completed,wallet,2025-04-22 00:00:00
158,student,purchase,76,11.04,,STU001,1,76,chequing,TXN_STU_0158,0,101,,76,2025-04-25,0,completed,reward,2025-04-25 00:00:00
159,student,reward,76,12.12,,STU001,1,76,chequing,TXN_STU_0159,0,101,,76,2025-04-27,0,completed,reward,2025-04-27 00:00:00
160,student,purchase,77,15.36,,STU002,1,77,chequing,TXN_STU_0160,0,101,,77,2025-04-28,0,completed,reward,2025-04-28 00:00:00
161,student,purchase,77,14.08,,STU002,1,77,chequing,TXN_STU_0161,0,101,,77,2025-04-30,0,completed,wallet,2025-04-30 00:00:00
162,student,reward,78,8.84,,STU003,1,78,chequing,TXN_STU_0162,0,102,,78,2025-05-02,0,completed,reward,2025-05-02 00:00:00
163,student,reward,78,9.6,,STU003,1,78,chequing,TXN_STU_0163,0,102,,78,2025-05-03,0,completed,wallet,2025-05-03 00:00:00
164,student,reward,79,11.26,,STU004,2,79,chequing,TXN_STU_0164,0,201,,79,2025-05-08,0,completed,wallet,2025-05-08 00:00:00
165,student,reward,80,17.56,,STU005,2,80,chequing,TXN_STU_0165,0,201,,80,2025-05-09,0,completed,wallet,2025-05-09 00:00:00
166,student,reward,80,5.84,,STU005,2,80,chequing,TXN_STU_0166,0,201,,80,2025-05-14,0,completed,wallet,2025-05-14 00:00:00
167,student,reward,81,10.03,,STU001,1,81,chequing,TXN_STU_0167,0,101,,81,2025-05-15,0,completed,wallet,2025-05-15 00:00:00
168,student,reward,81,16.96,,STU001,1,81,chequing,TXN_STU_0168,0,101,,81,2025-05-17,0,completed,reward,2025-05-17 00:00:00
169,student,reward,82,5.2,,STU002,1,82,chequing,TXN_STU_0169,0,101,,82,2025-05-19,0,completed,wallet,2025-05-19 00:00:00
170,student,purchase,82,13.46,,STU002,1,82,chequing,TXN_STU_0170,0,101,,82,2025-05-24,0,completed,reward,2025-05-24 00:00:00
171,student,reward,82,15.76,,STU002,1,82,chequing,TXN_STU_0171,0,101,,82,2025-05-28,0,completed,reward,2025-05-28 00:00:00
172,student,reward,83,18.3,,STU003,1,83,chequing,TXN_STU_0172,0,102,,83,2025-05-30,0,completed,wallet,2025-05-30 00:00:00
173,student,purchase,83,5.96,,STU003,1,83,chequing,TXN_STU_0173,0,102,,83,2025-06-02,0,completed,wallet,2025-06-02 00:00:00
174,student,reward,83,19.46,,STU003,1,83,chequing,TXN_STU_0174,0,102,,83,2025-06-03,0,completed,reward,2025-06-03 00:00:00
175,student,purchase,84,17.3,,STU004,2,84,chequing,TXN_STU_0175,0,201,,84,2025-06-04,0,completed,wallet,2025-06-04 00:00:00
176,student,reward,85,16.06,,STU005,2,85,chequing,TXN_STU_0176,0,201,,85,2025-06-06,0,completed,wallet,2025-06-06 00:00:00
177,student,purchase,86,14.28,,STU001,1,86,chequing,TXN_STU_0177,0,101,,86,2025-06-08,0,completed,reward,2025-06-08 00:00:00
178,student,reward,86,19.93,,STU001,1,86,chequing,TXN_STU_0178,0,101,,86,2025-06-10,0,completed,reward,2025-06-10 00:00:00
179,student,reward,87,18.73,,STU002,1,87,chequing,TXN_STU_0179,0,101,,87,2025-06-12,0,completed,wallet,2025-06-12 00:00:00
180,student,purchase,87,19.82,,STU002,1,87,chequing,TXN_STU_0180,0,101,,87,2025-06-17,0,completed,reward,2025-06-17 00:00:00
181,student,purchase,88,11.84,,STU003,1,88,chequing,TXN_STU_0181,0,102,,88,2025-06-22,0,completed,reward,2025-06-22 00:00:00
182,student,reward,88,17.34,,STU003,1,88,chequing,TXN_STU_0182,0,102,,88,2025-06-25,0,completed,reward,2025-06-25 00:00:00
183,student,purchase,88,16.73,,STU003,1,88,chequing,TXN_STU_0183,0,102,,88,2025-06-30,0,completed,reward,2025-06-30 00:00:00
184,student,purchase,89,14.8,,STU004,2,89,chequing,TXN_STU_0184,0,201,,89,2025-07-04,0,completed,reward,2025-07-04 00:00:00
185,student,reward,89,19.64,,STU004,2,89,chequing,TXN_STU_0185,0,201,,89,2025-07-07,0,completed,reward,2025-07-07 00:00:00
186,student,purchase,89,17.39,,STU004,2,89,chequing,TXN_STU_0186,0,201,,89,2025-07-10,0,completed,wallet,2025-07-10 00:00:00
187,student,reward,90,7.59,,STU005,2,90,chequing,TXN_STU_0187,0,201,,90,2025-07-14,0,completed,reward,2025-07-14 00:00:00
188,student,reward,90,17.66,,STU005,2,90,chequing,TXN_STU_0188,0,201,,90,2025-07-19,0,completed,reward,2025-07-19 00:00:00
189,student,reward,90,8.24,,STU005,2,90,chequing,TXN_STU_0189,0,201,,90,2025-07-21,0,completed,wallet,2025-07-21 00:00:00
190,student,reward,91,7.51,,STU001,1,91,chequing,TXN_STU_0190,0,101,,91,2025-07-26,0,completed,reward,2025-07-26 00:00:00
191,student,purchase,91,18.03,,STU001,1,91,chequing,TXN_STU_0191,0,101,,91,2025-07-28,0,completed,wallet,2025-07-28 00:00:00
192,student,purchase,92,6.8,,STU002,1,92,chequing,TXN_STU_0192,0,101,,92,2025-08-02,0,completed,reward,2025-08-02 00:00:00
193,student,purchase,93,15.38,,STU003,1,93,chequing,TXN_STU_0193,0,102,,93,2025-08-07,0,completed,wallet,2025-08-07 00:00:00
194,student,purchase,94,12.85,,STU004,2,94,chequing,TXN_STU_0194,0,201,,94,2025-08-09,0,completed,wallet,2025-08-09 00:00:00
195,student,purchase,94,11.41,,STU004,2,94,chequing,TXN_STU_0195,0,201,,94,2025-08-12,0,completed,reward,2025-08-12 00:00:00
196,student,purchase,94,11.66,,STU004,2,94,chequing,TXN_STU_0196,0,201,,94,2025-08-16,0,completed,wallet,2025-08-16 00:00:00
197,student,reward,95,17.36,,STU005,2,95,chequing,TXN_STU_0197,0,201,,95,2025-08-20,0,completed,reward,2025-08-20 00:00:00
198,student,reward,95,18.87,,STU005,2,95,chequing,TXN_STU_0198,0,201,,95,2025-08-21,0,completed,reward,2025-08-21 00:00:00
199,student,purchase,95,15.97,,STU005,2,95,chequing,TXN_STU_0199,0,201,,95,2025-08-23,0,completed,wallet,2025-08-23 00:00:00
200,student,purchase,96,17.27,,STU001,1,96,chequing,TXN_STU_0200,0,101,,96,2025-08-28,0,completed,reward,2025-08-28 00:00:00
201,student,purchase,96,10.07,,STU001,1,96,chequing,TXN_STU_0201,0,101,,96,2025-09-02,0,completed,reward,2025-09-02 00:00:00
202,student,purchase,96,13.81,,STU001,1,96,chequing,TXN_STU_0202,0,101,,96,2025-09-03,0,completed,wallet,2025-09-03 00:00:00
203,student,reward,97,8.93,,STU002,1,97,chequing,TXN_STU_0203,0,101,,97,2025-09-04,0,completed,reward,2025-09-04 00:00:00
204,student,purchase,97,13.49,,STU002,1,97,chequing,TXN_STU_0204,0,101,,97,2025-09-06,0,completed,reward,2025-09-06 00:00:00
205,student,purchase,97,10.09,,STU002,1,97,chequing,TXN_STU_0205,0,101,,97,2025-09-09,0,completed,wallet,2025-09-09 00:00:00
206,student,purchase,98,12.08,,STU003,1,98,chequing,TXN_STU_0206,0,102,,98,2025-09-10,0,completed,wallet,2025-09-10 00:00:00
207,student,purchase,99,11.5,,STU004,2,99,chequing,TXN_STU_0207,0,201,,99,2025-09-12,0,completed,reward,2025-09-12 00:00:00
208,student,purchase,99,8.25,,STU004,2,99,chequing,TXN_STU_0208,0,201,,99,2025-09-17,0,completed,wallet,2025-09-17 00:00:00
209,student,purchase,100,10.1,,STU005,2,100,chequing,TXN_STU_0209,0,201,,100,2025-09-19,0,completed,reward,2025-09-19 00:00:00
210,student,purchase,100,13.76,,STU005,2,100,chequing,TXN_STU_0210,0,201,,100,2025-09-22,0,completed,reward,2025-09-22 00:00:00
211,student,purchase,100,6.34,,STU005,2,100,chequing,TXN_STU_0211,0,201,,100,2025-09-24,0,completed,wallet,2025-09-24 00:00:00
212,parent,subscription,1,43.8,2.0,cust_12345,1,47,chequing,TXN_PAR_0212,0,101,,47,2025-09-29,0,completed,card,2025-09-29 00:00:00
213,parent,top_up,2,56.31,3.0,cust_12346,2,80,savings,TXN_PAR_0213,0,201,,80,2025-09-30,0,completed,wallet,2025-09-30 00:00:00
214,parent,top_up,2,54.65,2.0,cust_12346,1,81,chequing,TXN_PAR_0214,0,101,,81,2025-10-04,0,completed,wallet,2025-10-04 00:00:00
215,parent,refund,2,50.3,3.0,cust_12346,1,26,chequing,TXN_PAR_0215,0,101,,26,2025-10-06,0,completed,wallet,2025-10-06 00:00:00
216,parent,top_up,3,27.83,2.0,cust_12347,2,99,chequing,TXN_PAR_0216,0,201,,99,2025-10-10,0,completed,card,2025-10-10 00:00:00
217,parent,refund,3,39.23,2.0,cust_12347,1,48,savings,TXN_PAR_0217,0,102,,48,2025-10-15,0,completed,card,2025-10-15 00:00:00
218,parent,refund,3,59.17,2.0,cust_12347,2,30,savings,TXN_PAR_0218,0,201,,30,2025-10-19,0,completed,wallet,2025-10-19 00:00:00
219,parent,subscription,4,34.69,3.0,cust_12348,1,72,chequing,TXN_PAR_0219,0,101,,72,2025-10-24,0,completed,card,2025-10-24 00:00:00
220,parent,subscription,4,32.55,3.0,cust_12348,2,60,savings,TXN_PAR_0220,0,201,,60,2025-10-26,0,completed,wallet,2025-10-26 00:00:00
221,parent,subscription,5,19.22,3.0,cust_12349,2,50,savings,TXN_PAR_0221,0,201,,50,2025-10-28,0,completed,card,2025-10-28 00:00:00
222,parent,refund,5,53.16,1.0,cust_12349,2,24,chequing,TXN_PAR_0222,0,201,,24,2025-10-30,0,completed,wallet,2025-10-30 00:00:00
223,parent,subscription,6,59.88,3.0,cust_12345,1,37,chequing,TXN_PAR_0223,0,101,,37,2025-11-04,0,completed,wallet,2025-11-04 00:00:00
224,parent,top_up,7,18.78,2.0,cust_12346,1,91,chequing,TXN_PAR_0224,0,101,,91,2025-11-07,0,completed,wallet,2025-11-07 00:00:00
225,parent,top_up,7,36.9,3.0,cust_12346,2,54,chequing,TXN_PAR_0225,0,201,,54,2025-11-08,0,completed,wallet,2025-11-08 00:00:00
226,parent,subscription,7,49.03,2.0,cust_12346,2,65,savings,TXN_PAR_0226,0,201,,65,2025-11-10,0,completed,card,2025-11-10 00:00:00
227,parent,top_up,8,35.45,2.0,cust_12347,2,19,chequing,TXN_PAR_0227,0,201,,19,2025-11-14,0,completed,wallet,2025-11-14 00:00:00
228,parent,subscription,8,53.47,2.0,cust_12347,1,81,chequing,TXN_PAR_0228,0,101,,81,2025-11-18,0,completed,card,2025-11-18 00:00:00
229,parent,subscription,9,17.23,1.0,cust_12348,1,3,chequing,TXN_PAR_0229,0,102,,3,2025-11-21,0,completed,card,2025-11-21 00:00:00
230,parent,refund,9,16.34,3.0,cust_12348,2,20,savings,TXN_PAR_0230,0,201,,20,2025-11-22,0,completed,wallet,2025-11-22 00:00:00
231,parent,refund,9,38.92,1.0,cust_12348,2,99,savings,TXN_PAR_0231,0,201,,99,2025-11-25,0,completed,wallet,2025-11-25 00:00:00
232,parent,subscription,10,21.84,2.0,cust_12349,2,95,chequing,TXN_PAR_0232,0,201,,95,2025-11-28,0,completed,wallet,2025-11-28 00:00:00
233,parent,top_up,10,54.74,1.0,cust_12349,2,84,savings,TXN_PAR_0233,0,201,,84,2025-12-02,0,completed,card,2025-12-02 00:00:00
234,parent,refund,11,37.65,2.0,cust_12345,2,9,chequing,TXN_PAR_0234,0,201,,9,2025-12-03,0,completed,card,2025-12-03 00:00:00
235,parent,refund,11,53.91,1.0,cust_12345,2,55,chequing,TXN_PAR_0235,0,201,,55,2025-12-08,0,completed,wallet,2025-12-08 00:00:00
236,parent,top_up,11,58.79,3.0,cust_12345,1,43,savings,TXN_PAR_0236,0,102,,43,2025-12-09,0,completed,wallet,2025-12-09 00:00:00
237,parent,top_up,12,58.76,1.0,cust_12346,2,9,savings,TXN_PAR_0237,0,201,,9,2025-12-13,0,completed,wallet,2025-12-13 00:00:00
238,parent,refund,13,29.73,1.0,cust_12347,2,5,savings,TXN_PAR_0238,0,201,,5,2025-12-16,0,completed,wallet,2025-12-16 00:00:00
239,parent,subscription,13,34.36,1.0,cust_12347,1,87,chequing,TXN_PAR_0239,0,101,,87,2025-12-20,0,completed,card,2025-12-20 00:00:00
240,parent,subscription,13,59.59,2.0,cust_12347,1,76,savings,TXN_PAR_0240,0,101,,76,2025-12-24,0,completed,card,2025-12-24 00:00:00
241,parent,refund,14,37.91,1.0,cust_12348,2,49,savings,TXN_PAR_0241,0,201,,49,2025-12-25,0,completed,wallet,2025-12-25 00:00:00
242,parent,refund,14,38.14,2.0,cust_12348,2,50,savings,TXN_PAR_0242,0,201,,50,2025-12-27,0,completed,card,2025-12-27 00:00:00
243,parent,subscription,14,59.33,1.0,cust_12348,2,59,chequing,TXN_PAR_0243,0,201,,59,2026-01-01,0,completed,wallet,2026-01-01 00:00:00
244,parent,subscription,15,53.33,1.0,cust_12349,2,39,savings,TXN_PAR_0244,0,201,,39,2026-01-03,0,completed,card,2026-01-03 00:00:00
245,parent,top_up,16,38.21,3.0,cust_12345,1,52,savings,TXN_PAR_0245,0,101,,52,2026-01-04,0,completed,card,2026-01-04 00:00:00
246,parent,subscription,16,20.15,1.0,cust_12345,2,90,chequing,TXN_PAR_0246,0,201,,90,2026-01-09,0,completed,card,2026-01-09 00:00:00
247,parent,top_up,16,38.85,2.0,cust_12345,1,18,savings,TXN_PAR_0247,0,102,,18,2026-01-11,0,completed,card,2026-01-11 00:00:00
248,parent,refund,17,41.23,2.0,cust_12346,1,76,savings,TXN_PAR_0248,0,101,,76,2026-01-16,0,completed,card,2026-01-16 00:00:00
249,parent,top_up,17,20.42,1.0,cust_12346,1,81,chequing,TXN_PAR_0249,0,101,,81,2026-01-17,0,completed,card,2026-01-17 00:00:00
250,parent,top_up,17,23.9,1.0,cust_12346,2,84,savings,TXN_PAR_0250,0,201,,84,2026-01-18,0,completed,wallet,2026-01-18 00:00:00
251,parent,top_up,18,16.97,2.0,cust_12347,1,33,savings,TXN_PAR_0251,0,102,,33,2026-01-23,0,completed,card,2026-01-23 00:00:00
252,parent,subscription,18,18.13,2.0,cust_12347,1,63,savings,TXN_PAR_0252,0,102,,63,2026-01-26,0,completed,card,2026-01-26 00:00:00
253,parent,refund,18,38.62,2.0,cust_12347,1,11,chequing,TXN_PAR_0253,0,101,,11,2026-01-27,0,completed,card,2026-01-27 00:00:00
254,parent,refund,19,32.88,1.0,cust_12348,1,53,chequing,TXN_PAR_0254,0,102,,53,2026-02-01,0,completed,card,2026-02-01 00:00:00
255,parent,refund,19,32.44,3.0,cust_12348,1,98,chequing,TXN_PAR_0255,0,102,,98,2026-02-04,0,completed,card,2026-02-04 00:00:00
256,parent,subscription,20,30.66,2.0,cust_12349,1,96,savings,TXN_PAR_0256,0,101,,96,2026-02-07,0,completed,wallet,2026-02-07 00:00:00
257,parent,subscription,20,52.07,1.0,cust_12349,2,39,chequing,TXN_PAR_0257,0,201,,39,2026-02-11,0,completed,card,2026-02-11 00:00:00
258,parent,refund,21,48.02,2.0,cust_12345,1,62,chequing,TXN_PAR_0258,0,101,,62,2026-02-13,0,completed,card,2026-02-13 00:00:00
259,parent,refund,21,49.57,1.0,cust_12345,1,47,chequing,TXN_PAR_0259,0,101,,47,2026-02-15,0,completed,card,2026-02-15 00:00:00
260,parent,subscription,22,45.94,2.0,cust_12346,1,81,chequing,TXN_PAR_0260,0,101,,81,2026-02-18,0,completed,wallet,2026-02-18 00:00:00
261,parent,refund,23,21.03,1.0,cust_12347,1,82,chequing,TXN_PAR_0261,0,101,,82,2026-02-22,0,completed,wallet,2026-02-22 00:00:00
262,parent,top_up,24,25.31,3.0,cust_12348,2,54,chequing,TXN_PAR_0262,0,201,,54,2026-02-25,0,completed,card,2026-02-25 00:00:00
263,parent,subscription,25,22.25,1.0,cust_12349,1,27,chequing,TXN_PAR_0263,0,101,,27,2026-03-01,0,completed,card,2026-03-01 00:00:00
264,parent,subscription,25,29.31,3.0,cust_12349,1,48,chequing,TXN_PAR_0264,0,102,,48,2026-03-05,0,completed,card,2026-03-05 00:00:00
265,parent,refund,25,21.97,3.0,cust_12349,1,62,savings,TXN_PAR_0265,0,101,,62,2026-03-08,0,completed,card,2026-03-08 00:00:00
266,parent,top_up,26,25.78,2.0,cust_12345,1,46,chequing,TXN_PAR_0266,0,101,,46,2026-03-10,0,completed,wallet,2026-03-10 00:00:00
267,parent,subscription,27,59.53,3.0,cust_12346,1,86,savings,TXN_PAR_0267,0,101,,86,2026-03-12,0,completed,wallet,2026-03-12 00:00:00
268,parent,top_up,27,17.83,2.0,cust_12346,1,41,savings,TXN_PAR_0268,0,101,,41,2026-03-13,0,completed,wallet,2026-03-13 00:00:00
269,parent,refund,28,56.74,3.0,cust_12347,2,40,savings,TXN_PAR_0269,0,201,,40,2026-03-14,0,completed,wallet,2026-03-14 00:00:00
270,parent,refund,29,49.01,2.0,cust_12348,2,74,savings,TXN_PAR_0270,0,201,,74,2026-03-15,0,completed,wallet,2026-03-15 00:00:00
271,parent,top_up,29,21.65,3.0,cust_12348,1,37,savings,TXN_PAR_0271,0,101,,37,2026-03-17,0,completed,wallet,2026-03-17 00:00:00
272,parent,top_up,30,55.49,2.0,cust_12349,1,7,savings,TXN_PAR_0272,0,101,,7,2026-03-19,0,completed,card,2026-03-19 00:00:00
273,parent,refund,30,26.73,3.0,cust_12349,1,32,savings,TXN_PAR_0273,0,101,,32,2026-03-21,0,completed,card,2026-03-21 00:00:00
274,parent,top_up,31,56.38,3.0,cust_12345,2,85,chequing,TXN_PAR_0274,0,201,,85,2026-03-23,0,completed,card,2026-03-23 00:00:00
275,parent,top_up,32,28.95,2.0,cust_12346,1,17,chequing,TXN_PAR_0275,0,101,,17,2026-03-27,0,completed,card,2026-03-27 00:00:00
276,parent,top_up,32,48.36,3.0,cust_12346,1,56,savings,TXN_PAR_0276,0,101,,56,2026-03-29,0,completed,wallet,2026-03-29 00:00:00
277,parent,top_up,33,51.27,1.0,cust_12347,2,64,chequing,TXN_PAR_0277,0,201,,64,2026-04-03,0,completed,card,2026-04-03 00:00:00
278,parent,refund,33,55.79,3.0,cust_12347,2,24,savings,TXN_PAR_0278,0,201,,24,2026-04-06,0,completed,wallet,2026-04-06 00:00:00
279,parent,subscription,34,45.62,1.0,cust_12348,2,4,savings,TXN_PAR_0279,0,201,,4,2026-04-10,0,completed,wallet,2026-04-10 00:00:00
280,parent,subscription,35,17.77,1.0,cust_12349,1,81,savings,TXN_PAR_0280,0,101,,81,2026-04-15,0,completed,card,2026-04-15 00:00:00
281,parent,top_up,35,15.44,3.0,cust_12349,1,93,chequing,TXN_PAR_0281,0,102,,93,2026-04-20,0,completed,card,2026-04-20 00:00:00
282,parent,refund,35,52.72,3.0,cust_12349,1,41,chequing,TXN_PAR_0282,0,101,,41,2026-04-22,0,completed,wallet,2026-04-22 00:00:00
283,parent,refund,36,30.42,3.0,cust_12345,2,35,savings,TXN_PAR_0283,0,201,,35,2026-04-25,0,completed,card,2026-04-25 00:00:00
284,parent,top_up,36,55.64,2.0,cust_12345,1,11,savings,TXN_PAR_0284,0,101,,11,2026-04-30,0,completed,card,2026-04-30 00:00:00
285,parent,top_up,36,33.47,1.0,cust_12345,2,25,savings,TXN_PAR_0285,0,201,,25,2026-05-01,0,completed,card,2026-05-01 00:00:00
286,parent,subscription,37,56.91,2.0,cust_12346,2,30,chequing,TXN_PAR_0286,0,201,,30,2026-05-05,0,completed,wallet,2026-05-05 00:00:00
287,parent,refund,38,51.87,1.0,cust_12347,2,19,chequing,TXN_PAR_0287,0,201,,19,2026-05-06,0,completed,wallet,2026-05-06 00:00:00
288,parent,refund,39,49.95,2.0,cust_12348,1,37,savings,TXN_PAR_0288,0,101,,37,2026-05-09,0,completed,card,2026-05-09 00:00:00
289,parent,refund,40,48.34,1.0,cust_12349,2,89,savings,TXN_PAR_0289,0,201,,89,2026-05-14,0,completed,card,2026-05-14 00:00:00
290,parent,top_up,41,38.83,3.0,cust_12345,1,23,savings,TXN_PAR_0290,0,102,,23,2026-05-15,0,completed,wallet,2026-05-15 00:00:00
291,parent,top_up,42,34.56,3.0,cust_12346,2,35,chequing,TXN_PAR_0291,0,201,,35,2026-05-17,0,completed,card,2026-05-17 00:00:00
292,parent,top_up,42,15.92,3.0,cust_12346,1,97,savings,TXN_PAR_0292,0,101,,97,2026-05-22,0,completed,card,2026-05-22 00:00:00
293,parent,top_up,42,56.26,2.0,cust_12346,1,91,savings,TXN_PAR_0293,0,101,,91,2026-05-24,0,completed,card,2026-05-24 00:00:00
294,parent,subscription,43,44.06,1.0,cust_12347,1,8,chequing,TXN_PAR_0294,0,102,,8,2026-05-28,0,completed,wallet,2026-05-28 00:00:00
295,parent,subscription,44,20.14,3.0,cust_12348,1,98,savings,TXN_PAR_0295,0,102,,98,2026-05-31,0,completed,wallet,2026-05-31 00:00:00
296,parent,subscription,44,59.53,1.0,cust_12348,1,92,chequing,TXN_PAR_0296,0,101,,92,2026-06-05,0,completed,wallet,2026-06-05 00:00:00
297,parent,top_up,44,55.06,1.0,cust_12348,1,13,savings,TXN_PAR_0297,0,102,,13,2026-06-10,0,completed,wallet,2026-06-10 00:00:00
298,parent,refund,45,46.68,3.0,cust_12349,1,46,savings,TXN_PAR_0298,0,101,,46,2026-06-14,0,completed,wallet,2026-06-14 00:00:00
299,parent,refund,45,36.53,2.0,cust_12349,2,20,savings,TXN_PAR_0299,0,201,,20,2026-06-19,0,completed,wallet,2026-06-19 00:00:00
300,parent,subscription,45,26.93,3.0,cust_12349,1,76,savings,TXN_PAR_0300,0,101,,76,2026-06-21,0,completed,card,2026-06-21 00:00:00
301,parent,top_up,46,51.44,3.0,cust_12345,1,3,savings,TXN_PAR_0301,0,102,,3,2026-06-23,0,completed,card,2026-06-23 00:00:00
302,parent,top_up,46,22.14,2.0,cust_12345,2,4,chequing,TXN_PAR_0302,0,201,,4,2026-06-28,0,completed,wallet,2026-06-28 00:00:00
303,parent,top_up,47,34.13,2.0,cust_12346,2,89,savings,TXN_PAR_0303,0,201,,89,2026-06-29,0,completed,card,2026-06-29 00:00:00
304,parent,subscription,48,35.72,2.0,cust_12347,1,63,savings,TXN_PAR_0304,0,102,,63,2026-06-30,0,completed,wallet,2026-06-30 00:00:00
305,parent,top_up,48,46.13,1.0,cust_12347,1,56,chequing,TXN_PAR_0305,0,101,,56,2026-07-02,0,completed,wallet,2026-07-02 00:00:00
306,parent,refund,48,27.89,3.0,cust_12347,1,83,chequing,TXN_PAR_0306,0,102,,83,2026-07-03,0,completed,card,2026-07-03 00:00:00
307,parent,refund,49,28.05,1.0,cust_12348,1,98,chequing,TXN_PAR_0307,0,102,,98,2026-07-06,0,completed,card,2026-07-06 00:00:00
308,parent,refund,50,43.74,1.0,cust_12349,1,17,chequing,TXN_PAR_0308,0,101,,17,2026-07-08,0,completed,card,2026-07-08 00:00:00
309,parent,refund,50,48.68,3.0,cust_12349,2,19,savings,TXN_PAR_0309,0,201,,19,2026-07-12,0,completed,card,2026-07-12 00:00:00
310,parent,subscription,51,45.06,1.0,cust_12345,1,53,savings,TXN_PAR_0310,0,102,,53,2026-07-15,0,completed,card,2026-07-15 00:00:00
311,parent,refund,51,38.36,1.0,cust_12345,1,72,chequing,TXN_PAR_0311,0,101,,72,2026-07-18,0,completed,card,2026-07-18 00:00:00
312,parent,subscription,52,50.04,2.0,cust_12346,2,9,chequing,TXN_PAR_0312,0,201,,9,2026-07-20,0,completed,wallet,2026-07-20 00:00:00
313,parent,refund,53,22.19,2.0,cust_12347,1,22,savings,TXN_PAR_0313,0,101,,22,2026-07-21,0,completed,wallet,2026-07-21 00:00:00
314,parent,subscription,53,15.29,2.0,cust_12347,2,90,chequing,TXN_PAR_0314,0,201,,90,2026-07-24,0,completed,card,2026-07-24 00:00:00
315,parent,top_up,53,31.69,2.0,cust_12347,2,50,savings,TXN_PAR_0315,0,201,,50,2026-07-27,0,completed,wallet,2026-07-27 00:00:00
316,parent,subscription,54,55.16,1.0,cust_12348,2,79,savings,TXN_PAR_0316,0,201,,79,2026-07-30,0,completed,card,2026-07-30 00:00:00
317,parent,top_up,54,22.95,3.0,cust_12348,1,66,chequing,TXN_PAR_0317,0,101,,66,2026-07-31,0,completed,card,2026-07-31 00:00:00
318,parent,top_up,55,19.25,2.0,cust_12349,1,81,savings,TXN_PAR_0318,0,101,,81,2026-08-04,0,completed,wallet,2026-08-04 00:00:00
319,parent,refund,56,24.7,1.0,cust_12345,2,24,savings,TXN_PAR_0319,0,201,,24,2026-08-08,0,completed,card,2026-08-08 00:00:00
320,parent,refund,56,37.9,3.0,cust_12345,1,96,chequing,TXN_PAR_0320,0,101,,96,2026-08-13,0,completed,wallet,2026-08-13 00:00:00
321,parent,refund,57,32.78,1.0,cust_12346,2,40,savings,TXN_PAR_0321,0,201,,40,2026-08-18,0,completed,wallet,2026-08-18 00:00:00
322,parent,top_up,58,55.28,2.0,cust_12347,2,50,chequing,TXN_PAR_0322,0,201,,50,2026-08-20,0,completed,wallet,2026-08-20 00:00:00
323,parent,subscription,58,22.38,2.0,cust_12347,2,74,savings,TXN_PAR_0323,0,201,,74,2026-08-22,0,completed,wallet,2026-08-22 00:00:00
324,parent,refund,59,22.47,1.0,cust_12348,1,76,savings,TXN_PAR_0324,0,101,,76,2026-08-26,0,completed,card,2026-08-26 00:00:00
325,parent,subscription,59,17.14,3.0,cust_12348,1,86,chequing,TXN_PAR_0325,0,101,,86,2026-08-27,0,completed,wallet,2026-08-27 00:00:00
326,parent,refund,60,49.51,2.0,cust_12349,2,64,savings,TXN_PAR_0326,0,201,,64,2026-08-28,0,completed,card,2026-08-28 00:00:00
327,parent,top_up,61,52.66,3.0,cust_12345,1,3,savings,TXN_PAR_0327,0,102,,3,2026-08-29,0,completed,wallet,2026-08-29 00:00:00
328,parent,top_up,62,39.68,2.0,cust_12346,1,77,savings,TXN_PAR_0328,0,101,,77,2026-09-02,0,completed,wallet,2026-09-02 00:00:00
329,parent,refund,62,21.08,2.0,cust_12346,1,73,savings,TXN_PAR_0329,0,102,,73,2026-09-06,0,completed,card,2026-09-06 00:00:00
330,parent,subscription,63,58.32,3.0,cust_12347,2,80,savings,TXN_PAR_0330,0,201,,80,2026-09-11,0,completed,wallet,2026-09-11 00:00:00
331,parent,subscription,64,46.47,1.0,cust_12348,2,44,chequing,TXN_PAR_0331,0,201,,44,2026-09-12,0,completed,card,2026-09-12 00:00:00
332,parent,refund,65,17.78,1.0,cust_12349,1,87,chequing,TXN_PAR_0332,0,101,,87,2026-09-14,0,completed,card,2026-09-14 00:00:00
333,parent,top_up,66,44.69,1.0,cust_12345,2,100,savings,TXN_PAR_0333,0,201,,100,2026-09-16,0,completed,wallet,2026-09-16 00:00:00
334,parent,refund,67,17.29,1.0,cust_12346,1,13,chequing,TXN_PAR_0334,0,102,,13,2026-09-20,0,completed,wallet,2026-09-20 00:00:00
335,parent,refund,67,53.88,1.0,cust_12346,2,65,chequing,TXN_PAR_0335,0,201,,65,2026-09-22,0,completed,wallet,2026-09-22 00:00:00
336,parent,refund,68,51.35,2.0,cust_12347,1,88,chequing,TXN_PAR_0336,0,102,,88,2026-09-25,0,completed,wallet,2026-09-25 00:00:00
337,parent,subscription,69,47.23,3.0,cust_12348,1,71,savings,TXN_PAR_0337,0,101,,71,2026-09-26,0,completed,card,2026-09-26 00:00:00
338,parent,subscription,69,32.19,3.0,cust_12348,1,83,savings,TXN_PAR_0338,0,102,,83,2026-09-30,0,completed,card,2026-09-30 00:00:00
339,parent,refund,69,25.69,2.0,cust_12348,1,17,chequing,TXN_PAR_0339,0,101,,17,2026-10-02,0,completed,wallet,2026-10-02 00:00:00
340,parent,top_up,70,23.0,2.0,cust_12349,1,13,chequing,TXN_PAR_0340,0,102,,13,2026-10-04,0,completed,card,2026-10-04 00:00:00
341,parent,refund,70,40.71,2.0,cust_12349,2,70,savings,TXN_PAR_0341,0,201,,70,2026-10-07,0,completed,wallet,2026-10-07 00:00:00
342,parent,top_up,71,39.23,1.0,cust_12345,1,68,savings,TXN_PAR_0342,0,102,,68,2026-10-12,0,completed,card,2026-10-12 00:00:00
343,parent,top_up,72,59.09,1.0,cust_12346,1,17,savings,TXN_PAR_0343,0,101,,17,2026-10-15,0,completed,wallet,2026-10-15 00:00:00
344,parent,subscription,72,19.35,2.0,cust_12346,2,45,chequing,TXN_PAR_0344,0,201,,45,2026-10-16,0,completed,wallet,2026-10-16 00:00:00
345,parent,subscription,72,55.94,3.0,cust_12346,1,2,savings,TXN_PAR_0345,0,101,,2,2026-10-21,0,completed,card,2026-10-21 00:00:00
346,parent,top_up,73,21.23,2.0,cust_12347,1,47,savings,TXN_PAR_0346,0,101,,47,2026-10-22,0,completed,card,2026-10-22 00:00:00
347,parent,subscription,74,54.17,3.0,cust_12348,1,27,chequing,TXN_PAR_0347,0,101,,27,2026-10-25,0,completed,wallet,2026-10-25 00:00:00
348,parent,refund,74,58.85,3.0,cust_12348,2,85,savings,TXN_PAR_0348,0,201,,85,2026-10-29,0,completed,card,2026-10-29 00:00:00
349,parent,subscription,75,17.89,3.0,cust_12349,1,46,chequing,TXN_PAR_0349,0,101,,46,2026-10-31,0,completed,card,2026-10-31 00:00:00
350,parent,top_up,75,28.66,2.0,cust_12349,1,51,savings,TXN_PAR_0350,0,101,,51,2026-11-05,0,completed,wallet,2026-11-05 00:00:00
351,parent,refund,76,18.91,1.0,cust_12345,1,83,chequing,TXN_PAR_0351,0,102,,83,2026-11-09,0,completed,card,2026-11-09 00:00:00
352,parent,top_up,76,43.34,2.0,cust_12345,1,66,chequing,TXN_PAR_0352,0,101,,66,2026-11-12,0,completed,card,2026-11-12 00:00:00
353,parent,refund,76,41.96,2.0,cust_12345,2,30,chequing,TXN_PAR_0353,0,201,,30,2026-11-14,0,completed,card,2026-11-14 00:00:00
354,parent,top_up,77,31.96,3.0,cust_12346,1,37,savings,TXN_PAR_0354,0,101,,37,2026-11-15,0,completed,wallet,2026-11-15 00:00:00
355,parent,refund,78,50.05,3.0,cust_12347,1,8,savings,TXN_PAR_0355,0,102,,8,2026-11-17,0,completed,card,2026-11-17 00:00:00
356,parent,subscription,79,31.61,3.0,cust_12348,1,8,chequing,TXN_PAR_0356,0,102,,8,2026-11-19,0,completed,card,2026-11-19 00:00:00
357,parent,refund,80,18.49,1.0,cust_12349,1,48,savings,TXN_PAR_0357,0,102,,48,2026-11-23,0,completed,wallet,2026-11-23 00:00:00
358,parent,top_up,81,53.18,2.0,cust_12345,2,9,chequing,TXN_PAR_0358,0,201,,9,2026-11-24,0,completed,card,2026-11-24 00:00:00
359,parent,subscription,82,57.21,1.0,cust_12346,1,58,chequing,TXN_PAR_0359,0,102,,58,2026-11-28,0,completed,card,2026-11-28 00:00:00
360,parent,refund,82,49.89,1.0,cust_12346,2,99,savings,TXN_PAR_0360,0,201,,99,2026-12-03,0,completed,card,2026-12-03 00:00:00
361,parent,subscription,82,20.51,1.0,cust_12346,1,61,savings,TXN_PAR_0361,0,101,,61,2026-12-07,0,completed,card,2026-12-07 00:00:00
362,parent,subscription,83,40.28,1.0,cust_12347,2,55,chequing,TXN_PAR_0362,0,201,,55,2026-12-08,0,completed,card,2026-12-08 00:00:00
363,parent,subscription,83,54.26,2.0,cust_12347,2,59,chequing,TXN_PAR_0363,0,201,,59,2026-12-10,0,completed,wallet,2026-12-10 00:00:00
364,parent,subscription,83,19.16,2.0,cust_12347,1,26,chequing,TXN_PAR_0364,0,101,,26,2026-12-13,0,completed,wallet,2026-12-13 00:00:00
365,parent,top_up,84,48.2,3.0,cust_12348,2,64,chequing,TXN_PAR_0365,0,201,,64,2026-12-17,0,completed,wallet,2026-12-17 00:00:00
366,parent,refund,85,20.63,2.0,cust_12349,1,93,savings,TXN_PAR_0366,0,102,,93,2026-12-22,0,completed,wallet,2026-12-22 00:00:00
367,parent,top_up,85,29.31,2.0,cust_12349,2,99,chequing,TXN_PAR_0367,0,201,,99,2026-12-24,0,completed,card,2026-12-24 00:00:00
368,parent,refund,86,31.0,3.0,cust_12345,1,2,chequing,TXN_PAR_0368,0,101,,2,2026-12-26,0,completed,wallet,2026-12-26 00:00:00
369,parent,refund,87,47.93,3.0,cust_12346,1,58,savings,TXN_PAR_0369,0,102,,58,2026-12-31,0,completed,card,2026-12-31 00:00:00
370,parent,refund,88,25.41,1.0,cust_12347,2,10,chequing,TXN_PAR_0370,0,201,,10,2027-01-05,0,completed,wallet,2027-01-05 00:00:00
371,parent,top_up,88,21.35,3.0,cust_12347,2,84,savings,TXN_PAR_0371,0,201,,84,2027-01-10,0,completed,wallet,2027-01-10 00:00:00
372,parent,refund,89,43.23,3.0,cust_12348,1,52,savings,TXN_PAR_0372,0,101,,52,2027-01-11,0,completed,wallet,2027-01-11 00:00:00
373,parent,refund,89,37.46,2.0,cust_12348,2,25,savings,TXN_PAR_0373,0,201,,25,2027-01-16,0,completed,card,2027-01-16 00:00:00
374,parent,subscription,89,54.91,2.0,cust_12348,1,88,chequing,TXN_PAR_0374,0,102,,88,2027-01-20,0,completed,wallet,2027-01-20 00:00:00
375,parent,refund,90,59.07,3.0,cust_12349,1,73,chequing,TXN_PAR_0375,0,102,,73,2027-01-25,0,completed,card,2027-01-25 00:00:00
376,parent,top_up,91,36.4,2.0,cust_12345,2,10,savings,TXN_PAR_0376,0,201,,10,2027-01-27,0,completed,wallet,2027-01-27 00:00:00
377,parent,top_up,92,50.88,1.0,cust_12346,1,76,chequing,TXN_PAR_0377,0,101,,76,2027-01-28,0,completed,card,2027-01-28 00:00:00
378,parent,top_up,92,54.97,2.0,cust_12346,1,63,chequing,TXN_PAR_0378,0,102,,63,2027-01-31,0,completed,card,2027-01-31 00:00:00
379,parent,subscription,93,57.18,3.0,cust_12347,1,31,savings,TXN_PAR_0379,0,101,,31,2027-02-01,0,completed,card,2027-02-01 00:00:00
380,parent,top_up,93,18.01,1.0,cust_12347,1,83,savings,TXN_PAR_0380,0,102,,83,2027-02-06,0,completed,card,2027-02-06 00:00:00
381,parent,refund,94,47.04,2.0,cust_12348,1,91,chequing,TXN_PAR_0381,0,101,,91,2027-02-11,0,completed,wallet,2027-02-11 00:00:00
382,parent,subscription,95,57.19,1.0,cust_12349,2,89,chequing,TXN_PAR_0382,0,201,,89,2027-02-13,0,completed,card,2027-02-13 00:00:00
383,parent,subscription,95,52.44,3.0,cust_12349,1,13,savings,TXN_PAR_0383,0,102,,13,2027-02-17,0,completed,card,2027-02-17 00:00:00
384,parent,top_up,95,26.02,2.0,cust_12349,1,32,chequing,TXN_PAR_0384,0,101,,32,2027-02-20,0,completed,wallet,2027-02-20 00:00:00
385,parent,subscription,96,19.27,3.0,cust_12345,1,72,chequing,TXN_PAR_0385,0,101,,72,2027-02-21,0,completed,card,2027-02-21 00:00:00
386,parent,top_up,97,55.4,1.0,cust_12346,1,12,savings,TXN_PAR_0386,0,101,,12,2027-02-22,0,completed,card,2027-02-22 00:00:00
387,parent,top_up,97,49.34,3.0,cust_12346,1,17,savings,TXN_PAR_0387,0,101,,17,2027-02-26,0,completed,card,2027-02-26 00:00:00
388,parent,top_up,98,40.91,2.0,cust_12347,1,77,chequing,TXN_PAR_0388,0,101,,77,2027-02-27,0,completed,wallet,2027-02-27 00:00:00
389,parent,top_up,98,27.86,2.0,cust_12347,1,47,chequing,TXN_PAR_0389,0,101,,47,2027-03-01,0,completed,wallet,2027-03-01 00:00:00
390,parent,subscription,98,35.56,3.0,cust_12347,2,10,savings,TXN_PAR_0390,0,201,,10,2027-03-06,0,completed,wallet,2027-03-06 00:00:00
391,parent,top_up,99,26.56,2.0,cust_12348,1,97,chequing,TXN_PAR_0391,0,101,,97,2027-03-09,0,completed,wallet,2027-03-09 00:00:00
392,parent,subscription,100,32.57,2.0,cust_12349,1,56,savings,TXN_PAR_0392,0,101,,56,2027-03-10,0,completed,wallet,2027-03-10 00:00:00
393,parent,subscription,100,18.25,1.0,cust_12349,1,23,savings,TXN_PAR_0393,0,102,,23,2027-03-12,0,completed,wallet,2027-03-12 00:00:00
394,parent,subscription,100,45.05,2.0,cust_12349,2,75,chequing,TXN_PAR_0394,0,201,,75,2027-03-14,0,completed,wallet,2027-03-14 00:00:00
